Portfolio,CUSIP,Ticket,Maturity Date,Pledge ID,Pledge Description,Pledge Amount,Par Value,Market Value,Group,Security Description
Justin Investments LLC,31318EAB1,14506,10/3/2024,,,2850000,81.31,81.29,MBS,Security Name
Justin Investments LLC,31318EAB0,16317,3/1/1946,,,2900000,162.4,162.42,MBS,Security Name
Justin Investments LLC,31318EAB1,14719,4/2/2029,,,2350000,1020.82,1034.99,MBS,Security Name
Justin Investments LLC,31318EAB2,10096,10/3/2024,10810,Cats R Us,2400752,747.52,755.41,MBS,Security Name
Justin Investments LLC,31318EAB3,16896,3/1/1946,,,3045375,457.63,462.41,MBS,Security Name
Justin Investments LLC,31318EAB4,15851,4/2/2029,,,504284,1586.56,1584.69,MBS,Security Name
Justin Investments LLC,31318EAB5,15513,10/3/2024,10810,Cats R Us,500000,1498.63,1497.12,MBS,Security Name
Justin Investments LLC,31318EAB6,18949,3/1/1946,,,210000,210000,210455.71,MUN,Security Name
Justin Investments LLC,83162C587,15421,4/2/2029,,,105000,105000,107595.6,MUN,Security Name
Justin Investments LLC,83162C588,13243,10/3/2024,,,200000,200000,200121.99,MUN,Security Name
Justin Investments LLC,83162C589,12651,3/1/1946,,,135000,135000,135090.45,MUN,Security Name
Justin Investments LLC,83162C590,13821,3/1/1946,,,1051436,54038.8,52936.94,MBS,Security Name
Justin Investments LLC,83162C591,19941,4/2/2029,,,1056388,114587.74,112937.67,MBS,Security Name
Justin Investments LLC,83162C592,10669,10/3/2024,10810,Cats R Us,1134233,59195.06,56781.09,MBS,Security Name
Justin Investments LLC,83162C593,13155,3/1/1946,,,4000000,45208.44,44442.5,MBS,Security Name
Justin Investments LLC,83162C594,11835,4/2/2029,18733,Fake Name 6,10000000,401980.9,387540.02,MBS,Security Name
Justin Investments LLC,83162C595,18865,10/3/2024,,,5000000,395675.8,377970.19,MBS,Security Name
Justin Investments LLC,83162C596,12133,3/1/1946,2100,To Remove 3,1250000,142528.15,132007.86,MBS,Security Name
Justin Investments LLC,83162C597,12094,3/1/1946,,,115000,115000,114727.45,MUN,Security Name
Justin Investments LLC,83162C598,16594,4/2/2029,18733,Fake Name 6,205000,205000,205094.3,MUN,Security Name
Justin Investments LLC,83162C599,14278,10/3/2024,,,210000,210000,210109.2,MUN,Security Name
Justin Investments LLC,83162C600,12801,3/1/1946,,,205000,205000,205008.2,MUN,Security Name
Justin Investments LLC,83162C601,12084,4/2/2029,,,5500000,107054.09,105211.71,MBS,Security Name
Justin Investments LLC,83162C602,16645,10/3/2024,,,50000,50000,50007.5,MUN,Security Name
Justin Investments LLC,83162C603,19969,3/1/1946,,,240000,240000,228280.79,MUN,Security Name
Justin Investments LLC,83162C604,16943,3/1/1946,,,240000,240000,216280.79,MUN,Security Name
Justin Investments LLC,83162C605,12026,4/2/2029,,,260000,260000,260101.4,MUN,Security Name
Justin Investments LLC,83162C606,12905,10/3/2024,,,1264179,122004.01,112286.39,MBS,Security Name
Justin Investments LLC,83162C607,13856,3/1/1946,,,1409681,337440.85,311572.64,MBS,Security Name
Justin Investments LLC,83162C608,10673,4/2/2029,,,650000,97971.33,93926.09,MBS,Security Name
Justin Investments LLC,83162C609,10400,10/3/2024,,,400000,400000,383364.01,MUN,Security Name
Justin Investments LLC,83162C610,10512,3/1/1946,,,600000,600000,594347.99,MUN,Security Name
Justin Investments LLC,83162C611,11398,3/1/1946,,,500000,54535.8,51647.59,MBS,Security Name
Justin Investments LLC,83162C612,14590,4/2/2029,10640,New Company,2500000,408502.98,381227.22,MBS,Security Name
Justin Investments LLC,83162C613,17041,10/3/2024,,,7000000,1143808.33,1067436.22,MBS,Security Name
Justin Investments LLC,83162C614,18307,3/1/1946,,,2500000,400808.5,380920.39,MBS,Security Name
Justin Investments LLC,83162C615,18479,4/2/2029,,,2500000,400808.5,380920.39,MBS,Security Name
Justin Investments LLC,83162C616,12386,10/3/2024,,,10000000,1906594.7,1783924.44,MBS,Security Name
Justin Investments LLC,83162C617,18276,3/1/1946,,,10000000,1669157.8,1582194.7,MBS,Security Name
Justin Investments LLC,83162C618,13313,4/2/2029,,,1258706,159916.61,147838.11,MBS,Security Name
Justin Investments LLC,83162C619,19768,10/3/2024,,,1051383,149859.35,138170.32,MBS,Security Name
Justin Investments LLC,83162C620,12230,3/1/1946,,,2500000,21672.53,21579.47,MBS,Security Name
Justin Investments LLC,83162C621,14279,3/1/1946,,,5000000,106734.35,105693.84,MBS,Security Name
Justin Investments LLC,83162C622,12631,4/2/2029,,,1000000,21346.87,21138.77,MBS,Security Name
Justin Investments LLC,83162C623,16479,10/3/2024,,,1250133,329012.17,303757.18,MBS,Security Name
Justin Investments LLC,83162C624,13855,3/1/1946,,,3500000,21539.07,21471.11,MBS,Security Name
Justin Investments LLC,83162C625,19859,4/2/2029,,,710000,710000,769590.29,MUN,Security Name
Justin Investments LLC,83162C626,19552,10/3/2024,,,690000,690000,741439.51,MUN,Security Name
Justin Investments LLC,83162C627,17036,3/1/1946,10640,New Company,1059337,159173.57,148416.62,MBS,Security Name
Justin Investments LLC,83162C628,17037,3/2/1946,,,1099451,284018.89,262598.19,MBS,Security Name
Justin Investments LLC,83162C629,17038,3/3/1946,,,1041105,440166.06,405885.91,MBS,Security Name
Justin Investments LLC,83162C630,17039,3/4/1946,,,1950000,1950000,1917708.04,MUN,Security Name
Justin Investments LLC,83162C631,17040,3/5/1946,,,295000,295000,292501.35,MUN,Security Name
Justin Investments LLC,83162C632,17041,3/6/1946,,,290000,290000,285098.99,MUN,Security Name
Justin Investments LLC,83162C633,17042,3/7/1946,,,280000,280000,275777.59,MUN,Security Name
Justin Investments LLC,83162C634,17043,3/8/1946,,,500000,500000,536040,MUN,Security Name
Justin Investments LLC,83162C635,17044,3/9/1946,,,5000000,272867.95,257841.52,MBS,Security Name
Justin Investments LLC,83162C636,17045,3/10/1946,,,5000000,509677.05,496287.49,MBS,Security Name
Justin Investments LLC,83162C637,17046,3/11/1946,,,5400000,849157.94,820150.7,MBS,Security Name
Justin Investments LLC,83162C638,17047,3/12/1946,,,5000000,687021.6,661656.76,MBS,Security Name
Justin Investments LLC,83162C639,17048,3/13/1946,,,3000000,422942.91,404794.43,MBS,Security Name
Justin Investments LLC,83162C640,17049,3/14/1946,10640,New Company,5000000,817005.95,762454.45,MBS,Security Name
Justin Investments LLC,83162C641,17050,3/15/1946,,,5000000,729930.95,680587.6,MBS,Security Name
Justin Investments LLC,83162C642,17051,3/16/1946,,,5000000,813791.85,761554.56,MBS,Security Name
Justin Investments LLC,83162C643,17052,3/17/1946,,,2500000,337894.18,324148.64,MBS,Security Name
Justin Investments LLC,83162C644,17053,3/18/1946,,,5000000,993495.65,927418.24,MBS,Security Name
Justin Investments LLC,83162C645,17054,3/19/1946,,,2500000,443468.33,410775.83,MBS,Security Name
Justin Investments LLC,83162C646,17055,3/20/1946,,,1243862,256660.48,237298.01,MBS,Security Name
Justin Investments LLC,83162C647,17056,3/21/1946,,,545000,545000,542324.07,MUN,Security Name
Justin Investments LLC,83162C648,17057,3/22/1946,11349,Fake Name 197,200000,200000,200016.01,MUN,Security Name
Justin Investments LLC,83162C649,17058,3/23/1946,,,1000000,1000000,1013349.99,MUN,Security Name
Justin Investments LLC,83162C650,17059,3/24/1946,,,135000,135000,134281.8,MUN,Security Name
Justin Investments LLC,83162C651,17060,3/25/1946,,,100000,100000,98977,MUN,Security Name
Justin Investments LLC,83162C652,17061,3/26/1946,,,285000,285000,276985.81,MUN,Security Name
Justin Investments LLC,83162C653,17062,3/27/1946,,,1100000,1100000,1097172.96,MUN,Security Name
Justin Investments LLC,83162C654,17063,3/28/1946,,,545000,545000,542258.66,MUN,Security Name
Justin Investments LLC,83162C655,17064,3/29/1946,,,565000,565000,558909.28,MUN,Security Name
Justin Investments LLC,83162C656,17065,3/30/1946,,,585000,585000,576102.13,MUN,Security Name
Justin Investments LLC,83162C657,17066,3/31/1946,,,2000000,305221.32,296589.65,MBS,Security Name
Justin Investments LLC,83162C658,17067,4/1/1946,,,2500000,33039.88,32784.9,MBS,Security Name
Justin Investments LLC,83162C659,17068,4/2/1946,12888,Justin's Computers Inc.,1000000,128488.18,121597.36,MBS,Security Name
Justin Investments LLC,83162C660,17069,4/3/1946,13922,Fake Name 1,1710000,1710000,1556612.98,MUN,Security Name
Justin Investments LLC,83162C661,17070,4/4/1946,16681,Fake Name 2,1985000,1985000,1787949.01,MUN,Security Name
Justin Investments LLC,83162C662,17071,4/5/1946,10810,Cats R Us,2000000,2000000,1960460.06,MUN,Security Name
Justin Investments LLC,83162C663,17072,4/6/1946,12993,Fake Name 3,1600000,1600000,1553583.98,MUN,Security Name
Justin Investments LLC,83162C664,17073,4/7/1946,15693,Fake Name 4,500000,500000,499625.02,MUN,Security Name
Justin Investments LLC,83162C665,17074,4/8/1946,10637,Fake Name 5,500000,500000,499625.02,MUN,Security Name
Justin Investments LLC,83162C666,17075,4/9/1946,15551,Fake Name 7,240000,240000,234652.81,MUN,Security Name
Justin Investments LLC,83162C667,17076,4/10/1946,10640,New Company,100000,100000,98783,MUN,Security Name
Justin Investments LLC,83162C668,17077,4/11/1946,18733,Fake Name 6,2184349,382061.58,343038.2,MBS,Security Name
Justin Investments LLC,83162C669,17078,4/12/1946,16640,Thomas' Toys,715000,715000,680150.89,MUN,Security Name
Justin Investments LLC,83162C670,17079,4/13/1946,18226,Fake Name 8,2000000,377404.44,334150.12,MBS,Security Name
Justin Investments LLC,83162C671,17080,4/14/1946,12550,Fake Name 9,1825000,1825000,1876191.25,MUN,Security Name
Justin Investments LLC,83162C672,17081,4/15/1946,12683,Fake Name 10,535000,535000,476101.83,MUN,Security Name
Justin Investments LLC,83162C673,17082,4/16/1946,10006,Fake Name 11,760000,760000,674082,MUN,Security Name
Justin Investments LLC,83162C674,17083,4/17/1946,17018,Fake Name 12,5000000,920770.55,815517.27,MBS,Security Name
Justin Investments LLC,83162C675,17084,4/18/1946,16552,Fake Name 13,1085000,1085000,922271.69,MUN,Security Name
Justin Investments LLC,83162C676,17085,4/19/1946,15197,Fake Name 14,2000000,478326.82,437664.26,MBS,Security Name
Justin Investments LLC,83162C677,17086,4/20/1946,13844,Fake Name 15,1895000,1895000,1568699.91,MUN,Security Name
Justin Investments LLC,83162C678,17087,4/21/1946,18722,Fake Name 16,3000000,749352.78,669022.15,MBS,Security Name
Justin Investments LLC,83162C679,17088,4/22/1946,12443,Fake Name 17,5000000,1429678.05,1292085.82,MBS,Security Name
Justin Investments LLC,83162C680,17089,4/23/1946,15261,Fake Name 18,2000000,2000000,1620820,MUN,Security Name
Justin Investments LLC,83162C681,17090,4/24/1946,19693,Fake Name 19,2000000,455701.14,411844.46,MBS,Security Name
Justin Investments LLC,83162C682,17091,4/25/1946,11504,Fake Name 20,1375000,1375000,1213849.99,MUN,Security Name
Justin Investments LLC,83162C683,17092,4/26/1946,14800,Fake Name 21,3000000,818305.83,739552.07,MBS,Security Name
Justin Investments LLC,83162C684,17093,4/27/1946,13464,Fake Name 22,1240000,1240000,1081218,MUN,Security Name
Justin Investments LLC,83162C685,17094,4/28/1946,12148,Fake Name 23,1983828.27,1983828.27,1675303.26,MUN,Security Name
Justin Investments LLC,83162C686,17095,4/29/1946,13915,Fake Name 24,100000,100000,98731,MUN,Security Name
Justin Investments LLC,83162C687,17096,4/30/1946,18979,Fake Name 25,345000,345000,341246.41,MUN,Security Name
Justin Investments LLC,83162C688,17097,5/1/1946,13077,Fake Name 26,340000,340000,336831.2,MUN,Security Name
Justin Investments LLC,83162C689,17098,5/2/1946,16123,Fake Name 27,1500000,1500000,1299629.97,MUN,Security Name
Justin Investments LLC,83162C690,17099,5/3/1946,18990,Fake Name 28,2000000,2000000,1960460.06,MUN,Security Name
Justin Investments LLC,83162C691,17100,5/4/1946,12585,Fake Name 29,1000000,1000000,901070.02,MUN,Security Name
Justin Investments LLC,83162C692,17101,5/5/1946,19416,Fake Name 30,2000000,2000000,1606940,MUN,Security Name
Justin Investments LLC,83162C693,17102,5/6/1946,12459,Fake Name 31,2000000,2000000,1778340,MUN,Security Name
Justin Investments LLC,83162C694,17103,5/7/1946,19646,Fake Name 32,1425000,1425000,1237755.01,MUN,Security Name
Justin Investments LLC,83162C695,17104,5/8/1946,14017,Fake Name 33,1415910,687690.99,586064.02,MBS,Security Name
Justin Investments LLC,83162C696,17105,5/9/1946,13825,Fake Name 34,2000000,2000000,1731799.92,MUN,Security Name
Justin Investments LLC,83162C697,17106,5/10/1946,15677,Fake Name 35,1772907,427443.45,381155.59,MBS,Security Name
Justin Investments LLC,83162C698,17107,5/11/1946,11365,Fake Name 36,500000,500000,444655,MUN,Security Name
Justin Investments LLC,83162C699,17108,5/12/1946,18474,Fake Name 37,1000000,1000000,874660.03,MUN,Security Name
Justin Investments LLC,83162C700,17109,5/13/1946,10214,Fake Name 38,500000,500000,444575.01,MUN,Security Name
Justin Investments LLC,83162C701,17110,5/14/1946,13346,Fake Name 39,1130000,1130000,950454.3,MUN,Security Name
Justin Investments LLC,83162C702,17111,5/15/1946,14550,Fake Name 40,780000,780000,669169.8,MUN,Security Name
Justin Investments LLC,83162C703,17112,5/16/1946,12111,Fake Name 41,1570000,1570000,1341046.9,MUN,Security Name
Justin Investments LLC,83162C704,17113,5/17/1946,10428,Fake Name 42,400000,400000,319608,MUN,Security Name
Justin Investments LLC,83162C705,17114,5/18/1946,12814,Fake Name 43,1000000,1000000,827760.01,MUN,Security Name
Justin Investments LLC,83162C706,17115,5/19/1946,20000,Fake Name 44,1145000,1145000,992474.56,MUN,Security Name
Justin Investments LLC,83162C707,17116,5/20/1946,12227,Fake Name 45,250000,250000,246102.51,MUN,Security Name
Justin Investments LLC,83162C708,17117,5/21/1946,17589,Fake Name 46,600000,600000,590082,MUN,Security Name
Justin Investments LLC,83162C709,17118,5/22/1946,15215,Fake Name 47,500000,500000,476930.01,MUN,Security Name
Justin Investments LLC,83162C710,17119,5/23/1946,13757,Fake Name 48,1095000,1095000,920172.27,MUN,Security Name
Justin Investments LLC,83162C711,17120,5/24/1946,12978,Fake Name 49,625000,625000,574243.74,MUN,Security Name
Justin Investments LLC,83162C712,17121,5/25/1946,10642,Fake Name 50,1050000,1050000,959311.49,MUN,Security Name
Justin Investments LLC,83162C713,17122,5/26/1946,15353,Fake Name 51,450000,450000,412011,MUN,Security Name
Justin Investments LLC,83162C714,17123,5/27/1946,15815,Fake Name 52,250000,250000,226572.5,MUN,Security Name
Justin Investments LLC,83162C715,17124,5/28/1946,16640,Thomas' Toys,500000,500000,448930.02,MUN,Security Name
Justin Investments LLC,83162C716,17125,5/29/1946,12985,Fake Name 54,10000000,4783568,4097700.16,MB2,Security Name
Justin Investments LLC,83162C717,17126,5/30/1946,16084,Fake Name 55,2000000,956713.6,819540.03,MBS,Security Name
Justin Investments LLC,83162C718,17127,5/31/1946,18402,Fake Name 56,1775000,1775000,1420567.96,MUN,Security Name
Justin Investments LLC,83162C719,17128,6/1/1946,12061,Fake Name 57,305000,305000,243451,MUN,Security Name
Justin Investments LLC,83162C720,17129,6/2/1946,11920,Fake Name 58,310000,310000,241155.2,MUN,Security Name
Justin Investments LLC,83162C721,17130,6/3/1946,15174,Fake Name 59,320000,320000,246211.21,MUN,Security Name
Justin Investments LLC,83162C722,17131,6/4/1946,11427,Fake Name 60,10000000,4897412,4201294.01,MB2,Security Name
Justin Investments LLC,83162C723,17132,6/5/1946,15274,Fake Name 61,3000000,1469223.6,1260388.2,MBS,Security Name
Justin Investments LLC,83162C724,17133,6/6/1946,13320,Fake Name 62,2000000,2000000,1536580.04,MUN,Security Name
Justin Investments LLC,83162C725,17134,6/7/1946,10351,Fake Name 63,5000000,2485250.95,2131922.75,MBS,Security Name
Justin Investments LLC,83162C726,17135,6/8/1946,16244,Fake Name 64,5000000,2485250.95,2131922.75,MBS,Security Name
Justin Investments LLC,83162C727,17136,6/9/1946,14388,Fake Name 65,1990344.13,1990344.13,1633316.12,MUN,Security Name
Justin Investments LLC,83162C728,17137,6/10/1946,19102,Fake Name 66,1855000,1855000,1513698.51,MUN,Security Name
Justin Investments LLC,83162C729,17138,6/11/1946,16105,Fake Name 67,1800000,1800000,1409057.96,MUN,Security Name
Justin Investments LLC,83162C730,17139,6/12/1946,17314,Fake Name 68,2000000,979482.4,840258.8,MBS,Security Name
Justin Investments LLC,83162C731,17140,6/13/1946,11528,Fake Name 69,2000000,2000000,1743359.98,MUN,Security Name
Justin Investments LLC,83162C732,17141,6/14/1946,18506,Fake Name 70,8015603,3984156.99,3417729.27,MBS,Security Name
Justin Investments LLC,83162C733,17142,6/15/1946,10287,Fake Name 71,550000,550000,441419.02,MUN,Security Name
Justin Investments LLC,83162C734,17143,6/16/1946,18314,Fake Name 72,645000,645000,519895.77,MUN,Security Name
Justin Investments LLC,83162C735,17144,6/17/1946,20001,Fake Name 73,10000000,4798966.1,4116696.95,MBS,Security Name
Justin Investments LLC,83162C736,17145,6/18/1946,12354,Fake Name 74,430000,430000,366562.11,MUN,Security Name
Justin Investments LLC,83162C737,17146,6/19/1946,11919,Fake Name 75,1195000,1195000,964484.49,MUN,Security Name
Justin Investments LLC,83162C738,17147,6/20/1946,14950,Fake Name 76,1655000,1655000,1358655.73,MUN,Security Name
Justin Investments LLC,83162C739,17148,6/21/1946,18613,Fake Name 77,1450000,1450000,1174413.04,MUN,Security Name
Justin Investments LLC,83162C740,17149,6/22/1946,19211,Fake Name 78,2000000,2000000,1474180,MUN,Security Name
Justin Investments LLC,83162C741,17150,6/23/1946,19289,Fake Name 79,2000000,2000000,1554900.06,MUN,Security Name
Justin Investments LLC,83162C742,17151,6/24/1946,19722,Fake Name 80,2000000,2000000,1617440.04,MUN,Security Name
Justin Investments LLC,83162C743,17152,6/25/1946,19928,Fake Name 81,1000000,1000000,889990.01,MUN,Security Name
Justin Investments LLC,83162C744,17153,6/26/1946,14285,Fake Name 82,250000,250000,213617.5,MUN,Security Name
Justin Investments LLC,83162C745,17154,6/27/1946,11098,Fake Name 83,1800000,1800000,1431287.98,MUN,Security Name
Justin Investments LLC,83162C746,17155,6/28/1946,15663,Fake Name 84,465000,465000,358356.91,MUN,Security Name
Justin Investments LLC,83162C747,17156,6/29/1946,10649,Fake Name 85,1300000,1300000,1018237.95,MUN,Security Name
Justin Investments LLC,83162C748,17157,6/30/1946,11368,Fake Name 86,1000000,1000000,766559.98,MUN,Security Name
Justin Investments LLC,83162C749,17158,7/1/1946,14610,Fake Name 87,1750000,1750000,1525194.98,MUN,Security Name
Justin Investments LLC,83162C750,17159,7/2/1946,13197,Fake Name 88,1325000,1325000,1028531.25,MUN,Security Name
Justin Investments LLC,83162C751,17160,7/3/1946,15987,Fake Name 89,1600000,1600000,1273391.97,MUN,Security Name
Justin Investments LLC,83162C752,17161,7/4/1946,13291,Fake Name 90,2000000,2000000,1676479.94,MUN,Security Name
Justin Investments LLC,83162C753,17162,7/5/1946,19892,Fake Name 91,1000000,1000000,863379.97,MUN,Security Name
Justin Investments LLC,83162C754,17163,7/6/1946,16341,Fake Name 92,1310000,1310000,1009341.95,MUN,Security Name
Justin Investments LLC,83162C755,17164,7/7/1946,16640,Thomas' Toys,425000,425000,383532.73,MUN,Security Name
Justin Investments LLC,83162C756,17165,7/8/1946,10339,Fake Name 94,415000,415000,372089.02,MUN,Security Name
Justin Investments LLC,83162C757,17166,7/9/1946,15659,Fake Name 95,300000,300000,266796,MUN,Security Name
Justin Investments LLC,83162C758,17167,7/10/1946,19435,Fake Name 96,2000000,2000000,1447720.04,MUN,Security Name
Justin Investments LLC,83162C759,17168,7/11/1946,16640,Thomas' Toys,655000,655000,524189.94,MUN,Security Name
Justin Investments LLC,83162C760,17169,7/12/1946,18381,Fake Name 98,440000,440000,401557.2,MUN,Security Name
Justin Investments LLC,83162C761,17170,7/13/1946,12503,Fake Name 99,500000,500000,446124.99,MUN,Security Name
Justin Investments LLC,83162C762,17171,7/14/1946,10671,Fake Name 100,2000000,2000000,1426260.08,MUN,Security Name
Justin Investments LLC,83162C763,17172,7/15/1946,13279,Fake Name 101,500000,500000,429715.01,MUN,Security Name
Justin Investments LLC,83162C764,17173,7/16/1946,18801,Fake Name 102,400000,400000,353832,MUN,Security Name
Justin Investments LLC,83162C765,17174,7/17/1946,20003,Fake Name 103,1000000,1000000,844840.01,MUN,Security Name
Justin Investments LLC,83162C766,17175,7/18/1946,19132,Fake Name 104,2000000,2000000,1886799.92,MUN,Security Name
Justin Investments LLC,83162C767,17176,7/19/1946,10124,Fake Name 105,1000000,1000000,891299.97,MUN,Security Name
Justin Investments LLC,83162C768,17177,7/20/1946,17494,Fake Name 106,765000,765000,634330.34,MUN,Security Name
Justin Investments LLC,83162C769,17178,7/21/1946,18884,Fake Name 107,840000,840000,661458.03,MUN,Security Name
Justin Investments LLC,83162C770,17179,7/22/1946,12440,Fake Name 108,1920000,1920000,1417977.54,MUN,Security Name
Justin Investments LLC,83162C771,17180,7/23/1946,17246,Fake Name 109,1230000,1230000,921331.49,MUN,Security Name
Justin Investments LLC,83162C772,17181,7/24/1946,16403,Fake Name 110,1325000,1325000,1041847.46,MUN,Security Name
Justin Investments LLC,83162C773,17182,7/25/1946,10702,Fake Name 111,1000000,1000000,820090.03,MUN,Security Name
Justin Investments LLC,83162C774,17183,7/26/1946,19086,Fake Name 112,5000000,2933509.05,2310956.86,MBS,Security Name
Justin Investments LLC,83162C775,17184,7/27/1946,12722,Fake Name 113,4500000,2640158.15,2079861.17,MBS,Security Name
Justin Investments LLC,83162C776,17185,7/28/1946,15881,Fake Name 114,500000,293350.91,231095.69,MBS,Security Name
Justin Investments LLC,83162C777,17186,7/29/1946,17521,Fake Name 115,345000,345000,305290.49,MUN,Security Name
Justin Investments LLC,83162C778,17187,7/30/1946,14365,Fake Name 116,275000,275000,221784.76,MUN,Security Name
Justin Investments LLC,83162C779,17188,7/31/1946,17424,Fake Name 117,280000,280000,221099.19,MUN,Security Name
Justin Investments LLC,83162C780,17189,8/1/1946,12333,Fake Name 118,310000,310000,225379.31,MUN,Security Name
Justin Investments LLC,83162C781,17190,8/2/1946,19761,Fake Name 119,1675000,1675000,1299733.02,MUN,Security Name
Justin Investments LLC,83162C782,17191,8/3/1946,15017,Fake Name 120,1695000,1695000,1286064.32,MTX,Security Name
Justin Investments LLC,83162C783,17192,8/4/1946,16568,Fake Name 121,200000,200000,162326,MUN,Security Name
Justin Investments LLC,83162C784,17193,8/5/1946,19375,Fake Name 122,500000,500000,364095,MUN,Security Name
Justin Investments LLC,83162C785,17194,8/6/1946,17164,Fake Name 123,1110000,1110000,840591.86,MUN,Security Name
Justin Investments LLC,83162C786,17195,8/7/1946,11223,Fake Name 124,685000,685000,544348.97,MUN,Security Name
Justin Investments LLC,83162C787,17196,8/8/1946,14808,Fake Name 125,350000,350000,336686,MUN,Security Name
Justin Investments LLC,83162C788,17197,8/9/1946,10833,Fake Name 126,215000,215000,205073.46,MUN,Security Name
Justin Investments LLC,83162C789,17198,8/10/1946,12882,Fake Name 127,205000,205000,193692.2,MUN,Security Name
Justin Investments LLC,83162C790,17199,8/11/1946,15742,Fake Name 128,345000,345000,319559.7,MUN,Security Name
Justin Investments LLC,83162C791,17200,8/12/1946,16640,Thomas' Toys,180000,180000,164763.01,MUN,Security Name
Justin Investments LLC,83162C792,17201,8/13/1946,11054,Fake Name 130,1610000,1610000,1013285.7,MUN,Security Name
Justin Investments LLC,83162C793,17202,8/14/1946,11807,Fake Name 131,1000000,1000000,880199.97,MUN,Security Name
Justin Investments LLC,83162C794,17203,8/15/1946,10202,Fake Name 132,1990000,1990000,1550588.08,MUN,Security Name
Justin Investments LLC,83162C795,17204,8/16/1946,18950,Fake Name 133,2000000,2000000,1465000,MTX,Security Name
Justin Investments LLC,83162C796,17205,8/17/1946,15638,Fake Name 134,2000000,2000000,1521699.98,MUN,Security Name
Justin Investments LLC,83162C797,17206,8/18/1946,16119,Fake Name 135,1950000,1950000,1814084.98,MUN,Security Name
Justin Investments LLC,83162C798,17207,8/19/1946,17244,Fake Name 136,500000,500000,367405.02,MUN,Security Name
Justin Investments LLC,83162C799,17208,8/20/1946,19757,Fake Name 137,1000000,1000000,700280,MUN,Security Name
Justin Investments LLC,83162C800,17209,8/21/1946,12979,Fake Name 138,1500000,1500000,1274474.94,MUN,Security Name
Justin Investments LLC,83162C801,17210,8/22/1946,12499,Fake Name 139,1145000,1145000,885451.41,MUN,Security Name
Justin Investments LLC,83162C802,17211,8/23/1946,15277,Fake Name 140,1000000,1000000,752580.03,MUN,Security Name
Justin Investments LLC,83162C803,17212,8/24/1946,18926,Fake Name 141,1500000,1500000,1417680.02,MUN,Security Name
Justin Investments LLC,83162C804,17213,8/25/1946,11460,Fake Name 142,335000,335000,313241.74,MUN,Security Name
Justin Investments LLC,83162C805,17214,8/26/1946,10085,Fake Name 143,1495000,1495000,1110172.09,MUN,Security Name
Justin Investments LLC,83162C806,17215,8/27/1946,19871,Fake Name 144,2000000,2000000,1786120,MUN,Security Name
Justin Investments LLC,83162C807,17216,8/28/1946,19999,Fake Name 145,465000,465000,340626.44,MUN,Security Name
Justin Investments LLC,83162C808,17217,8/29/1946,18903,Fake Name 146,980000,980000,702787.37,MUN,Security Name
Justin Investments LLC,83162C809,17218,8/30/1946,10332,Fake Name 147,715000,715000,638344.84,MUN,Security Name
Justin Investments LLC,83162C810,17219,8/31/1946,16239,Fake Name 148,1625000,1625000,1430000,MUN,Security Name
Justin Investments LLC,83162C811,17220,9/1/1946,16640,Thomas' Toys,1635000,1635000,1355333.2,MUN,Security Name
Justin Investments LLC,83162C812,17221,9/2/1946,12566,Fake Name 150,1645000,1645000,1473804.88,MUN,Security Name
Justin Investments LLC,83162C813,17222,9/3/1946,13671,Fake Name 151,1250000,1250000,1052824.98,MUN,Security Name
Justin Investments LLC,83162C814,17223,9/4/1946,13703,Fake Name 152,1795000,1795000,1583423.3,MUN,Security Name
Justin Investments LLC,83162C815,17224,9/5/1946,18412,Fake Name 153,1900000,1900000,1484412.98,MUN,Security Name
Justin Investments LLC,83162C816,17225,9/6/1946,13233,Fake Name 154,500000,500000,436720.01,MUN,Security Name
Justin Investments LLC,83162C817,17226,9/7/1946,18615,Fake Name 155,1880000,1880000,1465629.2,MUN,Security Name
Justin Investments LLC,83162C818,17227,9/8/1946,15474,Fake Name 156,1000000,1000000,833840.03,MUN,Security Name
Justin Investments LLC,83162C819,17228,9/9/1946,18817,Fake Name 157,585000,585000,460646.53,MUN,Security Name
Justin Investments LLC,83162C820,17229,9/10/1946,10195,Fake Name 158,500000,500000,460455.02,MUN,Security Name
Justin Investments LLC,83162C821,17230,9/11/1946,16431,Fake Name 159,1000000,1000000,903590.01,MUN,Security Name
Justin Investments LLC,83162C822,17231,9/12/1946,13469,Fake Name 160,1000000,1000000,682979.97,MUN,Security Name
Justin Investments LLC,83162C823,17232,9/13/1946,17248,Fake Name 161,1225000,1225000,979755.04,MUN,Security Name
Justin Investments LLC,83162C824,17233,9/14/1946,15756,Fake Name 162,2000000,2000000,1528040,MUN,Security Name
Justin Investments LLC,83162C825,17234,9/15/1946,15173,Fake Name 163,1210000,1210000,1253765.66,MUN,Security Name
Justin Investments LLC,83162C826,17235,9/16/1946,15281,Fake Name 164,1500000,1500000,1272389.94,MUN,Security Name
Justin Investments LLC,83162C827,17236,9/17/1946,12963,Fake Name 165,1070000,1070000,812643.58,MUN,Security Name
Justin Investments LLC,83162C828,17237,9/18/1946,17905,Fake Name 166,890000,890000,637515.87,MUN,Security Name
Justin Investments LLC,83162C829,17238,9/19/1946,11849,Fake Name 167,250000,250000,228965,MUN,Security Name
Justin Investments LLC,83162C830,17239,9/20/1946,16020,Fake Name 168,250000,250000,222327.5,MUN,Security Name
Justin Investments LLC,83162C831,17240,9/21/1946,14830,Fake Name 169,500000,500000,417060.02,MUN,Security Name
Justin Investments LLC,83162C832,17241,9/22/1946,16343,Fake Name 170,10000000,7699840.3,5835817.69,MBS,Security Name
Justin Investments LLC,83162C833,17242,9/23/1946,13765,Fake Name 171,6000000,4619904.18,3501490.61,MBS,Security Name
Justin Investments LLC,83162C834,17243,9/24/1946,17718,Fake Name 172,1500000,1154976.05,875372.65,MBS,Security Name
Justin Investments LLC,83162C835,17244,9/25/1946,18335,Fake Name 173,1000000,769984.03,583581.77,MBS,Security Name
Justin Investments LLC,83162C836,17245,9/26/1946,13898,Fake Name 174,700000,538988.82,408507.24,MBS,Security Name
Justin Investments LLC,83162C837,17246,9/27/1946,20004,Fake Name 175,500000,384992.02,291790.88,MBS,Security Name
Justin Investments LLC,83162C838,17247,9/28/1946,13669,Fake Name 176,300000,230995.21,175074.53,MBS,Security Name
Justin Investments LLC,83162C839,17248,9/29/1946,12267,Fake Name 177,4000000,2997092.2,2302747.16,MBS,Security Name
Justin Investments LLC,83162C840,17249,9/30/1946,18643,Fake Name 178,6000000,4495638.3,3454120.74,MBS,Security Name
Justin Investments LLC,83162C841,17250,10/1/1946,17454,Fake Name 179,2100000,1573473.41,1208942.26,MBS,Security Name
Justin Investments LLC,83162C842,17251,10/2/1946,11413,Fake Name 180,900000,674345.75,518118.11,MBS,Security Name
Justin Investments LLC,83162C843,17252,10/3/1946,19355,Fake Name 181,500000,374636.53,287843.39,MBS,Security Name
Justin Investments LLC,83162C844,17253,10/4/1946,16179,Fake Name 182,500000,374636.53,287843.39,MBS,Security Name
Justin Investments LLC,83162C845,17254,10/5/1946,11118,Fake Name 183,900000,900000,686502,MUN,Security Name
Justin Investments LLC,83162C846,17255,10/6/1946,17820,Fake Name 184,500000,500000,493440.02,MUN,Security Name
Justin Investments LLC,83162C847,17256,10/7/1946,10412,Fake Name 185,375000,375000,367586.26,MUN,Security Name
Justin Investments LLC,83162C848,17257,10/8/1946,14541,Fake Name 186,700000,700000,692530.99,MUN,Security Name
Justin Investments LLC,83162C849,17258,10/9/1946,16317,Fake Name 187,2390000,2390000,1856336.85,MUN,Security Name
Justin Investments LLC,83162C850,17259,10/10/1946,14761,Fake Name 188,1500000,1500000,1305239.99,MUN,Security Name
Justin Investments LLC,83162C851,17260,10/11/1946,11868,Fake Name 189,1500000,1500000,1300965.05,MUN,Security Name
Justin Investments LLC,83162C852,17261,10/12/1946,11110,Fake Name 190,3000000,3000000,2610149.91,MUN,Security Name
Justin Investments LLC,83162C853,17262,10/13/1946,13263,Fake Name 191,5000000,3456764.7,2844225.96,MBS,Security Name
Justin Investments LLC,83162C854,17263,10/14/1946,14329,Fake Name 192,5000000,3456764.7,2844225.96,MBS,Security Name
Justin Investments LLC,83162C855,17264,10/15/1946,19858,Fake Name 193,10000000,6928419.7,5700703.66,MB2,Security Name
Justin Investments LLC,83162C856,17265,10/16/1946,10547,Fake Name 194,11000000,8578146.26,6887136.54,MB3,Security Name
Justin Investments LLC,83162C857,17266,10/17/1946,19916,Fake Name 195,2950000,2950000,1999480.47,MUN,Security Name
Justin Investments LLC,83162C858,17267,10/18/1946,13025,Fake Name 196,20000000,14839973.76,11879696.09,MB3,Security Name
Justin Investments LLC,83162C859,17268,10/19/1946,11349,Fake Name 197,13100000,9935262.84,7834551.17,MB3,Security Name
Justin Investments LLC,83162C860,17269,10/20/1946,16829,Fake Name 198,5373484,3722975.24,3063263.99,MB2,Security Name
Justin Investments LLC,83162C861,17270,10/21/1946,13533,Fake Name 199,5000000,3596418.42,2957047.15,MB3,Security Name
Justin Investments LLC,83162C862,17271,10/22/1946,18721,Fake Name 200,1270000,1270000,1123365.83,MUN,Security Name
Justin Investments LLC,83162C863,17272,10/23/1946,11498,Fake Name 201,1380000,1380000,1087729.79,MUN,Security Name
Justin Investments LLC,83162C864,17273,10/24/1946,13959,Fake Name 202,11000000,7848944.71,6379543.69,MB3,Security Name
Justin Investments LLC,83162C865,17274,10/25/1946,14595,Fake Name 203,490000,490000,439064.51,MUN,Security Name
Justin Investments LLC,83162C866,17275,10/26/1946,10632,Fake Name 204,250000,250000,222122.5,MUN,Security Name
Justin Investments LLC,83162C867,17276,10/27/1946,15071,Fake Name 205,1425000,1425000,934215.72,MUN,Security Name
Justin Investments LLC,83162C868,17277,10/28/1946,12537,Fake Name 206,100000,100000,89210,MUN,Security Name
Justin Investments LLC,83162C869,17278,10/29/1946,13390,Fake Name 207,100000,100000,91134,MUN,Security Name
Justin Investments LLC,83162C870,17279,10/30/1946,15350,Fake Name 208,1000000,1000000,873440.02,MUN,Security Name
Justin Investments LLC,83162C871,17280,10/31/1946,10003,Fake Name 209,1000000,1000000,893150.02,MUN,Security Name
Justin Investments LLC,83162C872,17281,11/1/1946,17162,Fake Name 210,400000,400000,365768,MUN,Security Name
Justin Investments LLC,83162C873,17282,11/2/1946,17409,Fake Name 211,425000,425000,382287.49,MUN,Security Name
Justin Investments LLC,83162C874,17283,11/3/1946,15186,Fake Name 212,1415000,1415000,1220946.94,MUN,Security Name
Justin Investments LLC,83162C875,17284,11/4/1946,10541,Fake Name 213,1305000,1305000,1095704.07,MUN,Security Name
Justin Investments LLC,83162C876,17285,11/5/1946,13216,Fake Name 214,1035000,1035000,877949.06,MUN,Security Name
Justin Investments LLC,83162C877,17286,11/6/1946,13086,Fake Name 215,5000000,3477828.1,2861209.07,MBS,Security Name
Justin Investments LLC,83162C878,17287,11/7/1946,14565,Fake Name 216,4250000,2958870.23,2434232.86,MBS,Security Name
Justin Investments LLC,83162C879,17288,11/8/1946,16640,Thomas' Toys,750000,522153.57,429570.5,MBS,Security Name
Justin Investments LLC,83162C880,17289,11/9/1946,19242,Fake Name 218,1260000,1260000,1016126.96,MUN,Security Name
Justin Investments LLC,83162C881,17290,11/10/1946,15646,Fake Name 219,6545716,4552975.01,3745732.4,MB2,Security Name
Justin Investments LLC,83162C882,17291,11/11/1946,12034,Fake Name 220,2805307,1951275.1,1605313.97,MB2,Security Name
Justin Investments LLC,83162C883,17292,11/12/1946,11685,Fake Name 221,1000000,1000000,984700.01,MUN,Security Name
Justin Investments LLC,83162C884,17293,11/13/1946,18425,Fake Name 222,7000000,4761063.08,3888217.38,MB3,Security Name
Justin Investments LLC,83162C885,17294,11/14/1946,11275,Fake Name 223,3000000,2040455.6,1666378.88,MB3,Security Name
Justin Investments LLC,83162C886,17295,11/15/1946,16709,Fake Name 224,1305000,1305000,1002657.61,MUN,Security Name
Justin Investments LLC,83162C887,17296,11/16/1946,14088,Fake Name 225,250000,250000,168352.51,MUN,Security Name
Justin Investments LLC,83162C888,17297,11/17/1946,19560,Fake Name 226,750000,750000,562237.47,MUN,Security Name
Justin Investments LLC,83162C889,17298,11/18/1946,15495,Fake Name 227,775000,775000,591200.98,MUN,Security Name
Justin Investments LLC,83162C890,17299,11/19/1946,10316,Fake Name 228,120000,120000,114793.2,MUN,Security Name
Justin Investments LLC,83162C891,17300,11/20/1946,16752,Fake Name 229,175000,175000,165049.51,MUN,Security Name
Justin Investments LLC,83162C892,17301,11/21/1946,11544,Fake Name 230,275000,275000,251124.5,MUN,Security Name
Justin Investments LLC,83162C893,17302,11/22/1946,17933,Fake Name 231,350000,350000,311458,MUN,Security Name
Justin Investments LLC,83162C894,17303,11/23/1946,13402,Fake Name 232,450000,450000,380902.49,MUN,Security Name
Justin Investments LLC,83162C895,17304,11/24/1946,10753,Fake Name 233,485000,485000,396962.8,MUN,Security Name
Justin Investments LLC,83162C896,17305,11/25/1946,14476,Fake Name 234,325000,325000,333752.25,MUN,Security Name
Justin Investments LLC,83162C897,17306,11/26/1946,13663,Fake Name 235,600000,600000,588138.02,MUN,Security Name
Justin Investments LLC,83162C898,17307,11/27/1946,18098,Fake Name 236,645000,645000,611982.43,MUN,Security Name
Justin Investments LLC,83162C899,17308,11/28/1946,19708,Fake Name 237,500000,500000,458475,MUN,Security Name
Justin Investments LLC,83162C900,17309,11/29/1946,13552,Fake Name 238,500000,500000,438904.99,MUN,Security Name
Justin Investments LLC,83162C901,17310,11/30/1946,19979,Fake Name 239,500000,500000,422215.01,MUN,Security Name
Justin Investments LLC,83162C902,17311,12/1/1946,12608,Fake Name 240,2620000,2620000,2216624.7,MUN,Security Name
Justin Investments LLC,83162C903,17312,12/2/1946,12059,Fake Name 241,990000,990000,851053.46,MUN,Security Name
Justin Investments LLC,83162C904,17313,12/3/1946,10507,Fake Name 242,2930000,2930000,2519008.9,MUN,Security Name
Justin Investments LLC,83162C905,17314,12/4/1946,17904,Fake Name 243,730000,730000,475478.22,MUN,Security Name
Justin Investments LLC,83162C906,17315,12/5/1946,16207,Fake Name 244,1095000,1095000,669734.83,MUN,Security Name
Justin Investments LLC,83162C907,17316,12/6/1946,12339,Fake Name 245,5000000,3865255.85,3106517.72,MBS,Security Name
Justin Investments LLC,83162C908,17317,12/7/1946,10490,Fake Name 246,10000000,7730511.7,6213035.44,MBS,Security Name
Justin Investments LLC,83162C909,17318,12/8/1946,17196,Fake Name 247,10000000,7804734.3,6105111.59,MBS,Security Name
Justin Investments LLC,83162C910,17319,12/9/1946,11930,Fake Name 248,10646036,8316255.46,6646802.35,MBS,Security Name
Justin Investments LLC,83162C911,17320,12/10/1946,16730,Fake Name 249,5000000,3809325.55,3050623.63,MBS,Security Name
Justin Investments LLC,83162C912,17321,12/11/1946,15615,Fake Name 250,5000000,3809325.55,3050623.63,MBS,Security Name
Justin Investments LLC,83162C913,17322,12/12/1946,12731,Fake Name 251,10000000,7125960.2,5861458.35,MBS,Security Name
Justin Investments LLC,83162C914,17323,12/13/1946,16016,Fake Name 252,5000000,3562980.1,2930729.17,MBS,Security Name
Justin Investments LLC,83162C915,17324,12/14/1946,18265,Fake Name 253,9200000,6516254.75,5360206.19,MB2,Security Name
Justin Investments LLC,83162C916,17325,12/15/1946,19386,Fake Name 254,800000,566630.85,466104.89,MB2,Security Name
Justin Investments LLC,83162C917,17326,12/16/1946,15800,Fake Name 255,5000000,3541442.8,2913155.54,MBS,Security Name
Justin Investments LLC,83162C918,17327,12/17/1946,18507,Fake Name 256,1760000,1760000,1512843.22,MUN,Security Name
Justin Investments LLC,83162C919,17328,12/18/1946,19387,Fake Name 257,1855000,1855000,1563004.51,MUN,Security Name
Justin Investments LLC,83162C920,17329,12/19/1946,16278,Fake Name 258,1350000,1350000,1164861.04,MUN,Security Name
Justin Investments LLC,83162C921,17330,12/20/1946,12088,Fake Name 259,500000,500000,421390,MUN,Security Name
Justin Investments LLC,83162C922,17331,12/21/1946,16371,Fake Name 260,3000000,3000000,2616389.91,MUN,Security Name
Justin Investments LLC,83162C923,17332,12/22/1946,13152,Fake Name 261,5000000,3908864.65,3200509.97,MBS,Security Name
Justin Investments LLC,83162C924,17333,12/23/1946,14887,Fake Name 262,10000000,7817729.3,6401019.94,MBS,Security Name
Justin Investments LLC,83162C925,17334,12/24/1946,11392,Fake Name 263,13526797,9766811.81,8033007.47,MB2,Security Name
Justin Investments LLC,83162C926,17335,12/25/1946,15327,Fake Name 264,3000000,2166102.99,1781576.41,MBS,Security Name
Justin Investments LLC,83162C927,17336,12/26/1946,15042,Fake Name 265,17000000,12300226.75,10116198.86,MBS,Security Name
Justin Investments LLC,83162C928,17337,12/27/1946,17541,Fake Name 266,20000000,15943520.4,11855442.49,MBS,Security Name
Justin Investments LLC,83162C929,17338,12/28/1946,10869,Fake Name 267,2000000,2000000,2002440.04,MUN,Security Name
Justin Investments LLC,83162C930,17339,12/29/1946,10605,Fake Name 268,2500000,2500000,2115349.95,MUN,Security Name
Justin Investments LLC,83162C931,17340,12/30/1946,10840,Fake Name 269,4123236,3349349.3,2490542.68,MBS,Security Name
Justin Investments LLC,83162C932,17341,12/31/1946,15144,Fake Name 270,2000000,1348582.02,1106875.7,MB3,Security Name
Justin Investments LLC,83162C933,17342,1/1/1947,11283,Fake Name 271,2000000,1593384.91,1264605.82,MB3,Security Name
Justin Investments LLC,83162C934,17343,1/2/1947,10904,Fake Name 272,500000,500000,419269.98,MUN,Security Name
Justin Investments LLC,83162C935,17344,1/3/1947,16872,Fake Name 273,10000000,7392008.4,6078670.42,MBS,Security Name
Justin Investments LLC,83162C936,17345,1/4/1947,15313,Fake Name 274,5000000,3696004.2,3039335.21,MBS,Security Name
Justin Investments LLC,83162C937,17346,1/5/1947,11534,Fake Name 275,5437079,4472913.9,3325969.41,MBS,Security Name
Justin Investments LLC,83162C938,17347,1/6/1947,15888,Fake Name 276,1812359,1490970.75,1108656.06,MBS,Security Name
Justin Investments LLC,83162C939,17348,1/7/1947,16762,Fake Name 277,10000000,7874210.1,6157790.02,MB2,Security Name
Justin Investments LLC,83162C940,17349,1/8/1947,14116,Fake Name 278,250000,250000,213209.99,MUN,Security Name
Justin Investments LLC,83162C941,17350,1/9/1947,12116,Fake Name 279,475000,475000,392226.49,MUN,Security Name
Justin Investments LLC,83162C942,17351,1/10/1947,14594,Fake Name 280,800000,800000,718992.01,MUN,Security Name
Justin Investments LLC,83162C943,17352,1/11/1947,17748,Fake Name 281,500000,500000,452125.02,MUN,Security Name
Justin Investments LLC,83162C944,17353,1/12/1947,13730,Fake Name 282,3000000,3000000,2668079.91,MUN,Security Name
Justin Investments LLC,83162C945,17354,1/13/1947,12422,Fake Name 283,2375000,2375000,2021481.2,MUN,Security Name
Justin Investments LLC,83162C946,17355,1/14/1947,14599,Fake Name 284,300000,300000,214113.01,MUN,Security Name
Justin Investments LLC,83162C947,17356,1/15/1947,14788,Fake Name 285,305000,305000,241581.35,MUN,Security Name
Justin Investments LLC,83162C948,17357,1/16/1947,16146,Fake Name 286,1945000,1945000,1730233.1,MUN,Security Name
Justin Investments LLC,83162C949,17358,1/17/1947,13445,Fake Name 287,2725000,2725000,1832099.3,MUN,Security Name
Justin Investments LLC,83162C950,17359,1/18/1947,16574,Fake Name 288,10000000,7216753.4,6149034.88,MB2,Security Name
Chelsea's Invest Company,83162C951,17360,1/19/1947,17321,Fake Name 289,1000000,1000000,853690.03,MUN,Security Name
Chelsea's Invest Company,83162C952,17361,1/20/1947,16640,Thomas' Toys,10202000,8076400.47,6525731.82,MB3,Security Name
Chelsea's Invest Company,83162C953,17362,1/21/1947,13052,Fake Name 291,8584726,6578812.4,5142921.07,MBS,Security Name
Chelsea's Invest Company,83162C954,17363,1/22/1947,14177,Fake Name 292,1555000,1555000,1111685,MUN,Security Name
Chelsea's Invest Company,83162C955,17364,1/23/1947,19010,Fake Name 293,1915000,1915000,1653736.59,MUN,Security Name
Chelsea's Invest Company,83162C956,17365,1/24/1947,14622,Fake Name 294,1700000,1700000,1527620.02,MUN,Security Name
Chelsea's Invest Company,83162C957,17366,1/25/1947,18624,Fake Name 295,500000,500000,433175.01,MUN,Security Name
Chelsea's Invest Company,83162C958,17367,1/26/1947,10736,Fake Name 296,1000000,1000000,827389.98,MUN,Security Name
Chelsea's Invest Company,83162C959,17368,1/27/1947,16707,Fake Name 297,7000000,5174405.88,4255069.29,MBS,Security Name
Chelsea's Invest Company,83162C960,17369,1/28/1947,19961,Fake Name 298,3000000,2217602.52,1823601.12,MBS,Security Name
Chelsea's Invest Company,83162C961,17370,1/29/1947,10783,Fake Name 299,15000000,9957407.1,8500837.79,MB2,Security Name
Chelsea's Invest Company,83162C962,17371,1/30/1947,17827,Fake Name 300,3000000,3000000,2474699.94,MUN,Security Name
Chelsea's Invest Company,83162C963,17372,1/31/1947,10398,Fake Name 301,15000000,10162849.05,8671450.65,MBS,Security Name
Chelsea's Invest Company,83162C964,17373,2/1/1947,18619,Fake Name 302,4000000,2710093.08,2312386.84,MBS,Security Name
Chelsea's Invest Company,83162C965,17374,2/2/1947,15367,Fake Name 303,1675000,1675000,1506327.5,MUN,Security Name
Chelsea's Invest Company,83162C966,17375,2/3/1947,14413,Fake Name 304,10000000,7216753.4,6149034.88,MB2,Security Name
Chelsea's Invest Company,83162C967,17376,2/4/1947,19202,Fake Name 305,2675000,2675000,1955665.78,MUN,Security Name
Chelsea's Invest Company,83162C968,17377,2/5/1947,15667,Fake Name 306,3000000,2228280.6,1842320.14,MBS,Security Name
Chelsea's Invest Company,83162C969,17378,2/6/1947,13430,Fake Name 307,1475000,1475000,1259192.79,MUN,Security Name
Chelsea's Invest Company,83162C970,17379,2/7/1947,14418,Fake Name 308,3000000,3000000,2763809.97,MUN,Security Name
Chelsea's Invest Company,83162C971,17380,2/8/1947,16941,Fake Name 309,1765000,1765000,1659117.63,MUN,Security Name
Chelsea's Invest Company,83162C972,17381,2/9/1947,11053,Fake Name 310,3000000,3000000,2225909.97,MUN,Security Name
Chelsea's Invest Company,83162C973,17382,2/10/1947,12956,Fake Name 311,1045000,1045000,889033.72,MUN,Security Name
Chelsea's Invest Company,83162C974,17383,2/11/1947,13852,Fake Name 312,800000,800000,641888,MUN,Security Name
Chelsea's Invest Company,83162C975,17384,2/12/1947,14310,Fake Name 313,1885000,1885000,1545926.22,MUN,Security Name
Chelsea's Invest Company,83162C976,17385,2/13/1947,11856,Fake Name 314,500000,500000,444889.99,MUN,Security Name
Chelsea's Invest Company,83162C977,17386,2/14/1947,16640,Thomas' Toys,500000,500000,432055.02,MUN,Security Name
Chelsea's Invest Company,83162C978,17387,2/15/1947,18375,Fake Name 316,15000000,10961308.5,9335198.49,MB2,Security Name
Chelsea's Invest Company,83162C979,17388,2/16/1947,18279,Fake Name 317,2390000,2390000,2037833.48,MUN,Security Name
Chelsea's Invest Company,83162C980,17389,2/17/1947,10357,Fake Name 318,15000000,10998899.25,9366552.28,MBS,Security Name
Chelsea's Invest Company,83162C981,17390,2/18/1947,12159,Fake Name 319,1500000,1500000,1187324.99,MUN,Security Name
Chelsea's Invest Company,83162C982,17391,2/19/1947,19576,Fake Name 320,250000,250000,209267.5,MUN,Security Name
Chelsea's Invest Company,83162C983,17392,2/20/1947,19700,Fake Name 321,325000,325000,246532.01,MUN,Security Name
Chelsea's Invest Company,83162C984,17393,2/21/1947,18565,Fake Name 322,205000,205000,204042.64,MUN,Security Name
Chelsea's Invest Company,83162C985,17394,2/22/1947,14758,Fake Name 323,1450000,1450000,1257352.96,MUN,Security Name
Chelsea's Invest Company,83162C986,17395,2/23/1947,14442,Fake Name 324,775000,775000,656169.25,MUN,Security Name
Chelsea's Invest Company,83162C987,17396,2/24/1947,10252,Fake Name 325,805000,805000,655261.97,MUN,Security Name
Chelsea's Invest Company,83162C988,17397,2/25/1947,15333,Fake Name 326,815000,815000,650728.62,MUN,Security Name
Chelsea's Invest Company,83162C989,17398,2/26/1947,13740,Fake Name 327,5000000,2552374,2018748.84,MBS,Security Name
Chelsea's Invest Company,83162C990,17399,2/27/1947,19601,Fake Name 328,2500000,1276187,1009374.42,MBS,Security Name
Chelsea's Invest Company,83162C991,17400,2/28/1947,18549,Fake Name 329,2250000,1148568.3,908436.98,MBS,Security Name
Chelsea's Invest Company,83162C992,17401,3/1/1947,17137,Fake Name 330,250000,127618.7,100937.44,MBS,Security Name
Chelsea's Invest Company,83162C993,17402,3/2/1947,18509,Fake Name 331,20000000,14851874,12641617.52,MB2,Security Name
Chelsea's Invest Company,83162C994,17403,3/3/1947,10050,Fake Name 332,1200000,1200000,1165824,MUN,Security Name
Chelsea's Invest Company,83162C995,17404,3/4/1947,18378,Fake Name 333,2925000,2925000,2254882.38,MUN,Security Name
Chelsea's Invest Company,83162C996,17405,3/5/1947,10483,Fake Name 334,2500000,2500000,2155500.03,MUN,Security Name
Chelsea's Invest Company,83162C997,17406,3/6/1947,12972,Fake Name 335,2090000,2090000,1648320.24,MUN,Security Name
Chelsea's Invest Company,83162C998,17407,3/7/1947,17381,Fake Name 336,3000000,3000000,2693879.94,MUN,Security Name
Chelsea's Invest Company,83162C999,17408,3/8/1947,16387,Fake Name 337,2000000,2000000,1539040.06,MUN,Security Name
Chelsea's Invest Company,83162C1000,17409,3/9/1947,18135,Fake Name 338,300000,300000,283595.99,MUN,Security Name
Chelsea's Invest Company,83162C1001,17410,3/10/1947,13598,Fake Name 339,410000,410000,370225.92,MUN,Security Name
Chelsea's Invest Company,83162C1002,17411,3/11/1947,18520,Fake Name 340,300000,300000,259947.01,MUN,Security Name
Chelsea's Invest Company,83162C1003,17412,3/12/1947,17921,Fake Name 341,450000,450000,366736.51,MUN,Security Name
Chelsea's Invest Company,83162C1004,17413,3/13/1947,10648,Fake Name 342,2755000,2755000,2451509.23,MUN,Security Name
Chelsea's Invest Company,83162C1005,17414,3/14/1947,17115,Fake Name 343,10000000,8075371.91,6609207.55,MB3,Security Name
Chelsea's Invest Company,83162C1006,17415,3/15/1947,13976,Fake Name 344,710000,710000,576903.39,MUN,Security Name
Chelsea's Invest Company,83162C1007,17416,3/16/1947,17305,Fake Name 345,720000,720000,576367.22,MUN,Security Name
Chelsea's Invest Company,83162C1008,17417,3/17/1947,11983,Fake Name 346,695000,695000,583243.99,MUN,Security Name
Chelsea's Invest Company,83162C1009,17418,3/18/1947,17752,Fake Name 347,705000,705000,585650.54,MUN,Security Name
Chelsea's Invest Company,83162C1010,17419,3/19/1947,15193,Fake Name 348,1455000,1455000,1360745.14,MUN,Security Name
Chelsea's Invest Company,83162C1011,17420,3/20/1947,17863,Fake Name 349,1315000,1315000,1210996.69,MUN,Security Name
Chelsea's Invest Company,83162C1012,17421,3/21/1947,12620,Fake Name 350,1500000,1500000,1388340,MUN,Security Name
Chelsea's Invest Company,83162C1013,17422,3/22/1947,12936,Fake Name 351,1420000,1420000,989498.59,MUN,Security Name
Chelsea's Invest Company,83162C1014,17423,3/23/1947,11245,Fake Name 352,820000,820000,722042.81,MUN,Security Name
Chelsea's Invest Company,83162C1015,17424,3/24/1947,12200,Fake Name 353,600000,600000,488927.99,MUN,Security Name
Chelsea's Invest Company,83162C1016,17425,3/25/1947,18657,Fake Name 354,400000,400000,340303.98,MUN,Security Name
Chelsea's Invest Company,83162C1017,17426,3/26/1947,16767,Fake Name 355,1250000,1250000,1134337.53,MUN,Security Name
Chelsea's Invest Company,83162C1018,17427,3/27/1947,12808,Fake Name 356,805000,805000,674928.12,MUN,Security Name
Chelsea's Invest Company,83162C1019,17428,3/28/1947,19534,Fake Name 357,850000,850000,695716.49,MUN,Security Name
Chelsea's Invest Company,83162C1020,17429,3/29/1947,17681,Fake Name 358,4221000,3408614.48,2789746.51,MB3,Security Name
Chelsea's Invest Company,83162C1021,17430,3/30/1947,10094,Fake Name 359,1000000,807537.19,660920.75,MB3,Security Name
Chelsea's Invest Company,83162C1022,17431,3/31/1947,14698,Fake Name 360,1200000,1200000,912191.99,MUN,Security Name
Chelsea's Invest Company,83162C1023,17432,4/1/1947,13062,Fake Name 361,2100000,2100000,1574391.02,MUN,Security Name
Chelsea's Invest Company,83162C1024,17433,4/2/1947,11444,Fake Name 362,500000,500000,413434.98,MUN,Security Name
Chelsea's Invest Company,83162C1025,17434,4/3/1947,11191,Fake Name 363,250000,250000,217865.01,MUN,Security Name
Chelsea's Invest Company,83162C1026,17435,4/4/1947,20005,Fake Name 364,250000,250000,216287.5,MUN,Security Name
Chelsea's Invest Company,83162C1027,17436,4/5/1947,18014,Fake Name 365,410000,410000,345502.89,MUN,Security Name
Chelsea's Invest Company,83162C1028,17437,4/6/1947,17789,Fake Name 366,500000,500000,424160.01,MUN,Security Name
Chelsea's Invest Company,83162C1029,17438,4/7/1947,12514,Fake Name 367,250000,250000,208387.51,MUN,Security Name
Chelsea's Invest Company,83162C1030,17439,4/8/1947,16405,Fake Name 368,955000,955000,747172.89,MUN,Security Name
Chelsea's Invest Company,83162C1031,17440,4/9/1947,19501,Fake Name 369,990000,990000,736361.97,MUN,Security Name
Chelsea's Invest Company,83162C1032,17441,4/10/1947,10350,Fake Name 370,1050000,1050000,833164.49,MUN,Security Name
Chelsea's Invest Company,83162C1033,17442,4/11/1947,19365,Fake Name 371,1000000,1000000,999059.98,MUN,Security Name
Chelsea's Invest Company,83162C1034,17443,4/12/1947,18551,Fake Name 372,695000,695000,546520.21,MUN,Security Name
Chelsea's Invest Company,83162C1035,17444,4/13/1947,18671,Fake Name 373,710000,710000,546160.43,MUN,Security Name
Chelsea's Invest Company,83162C1036,17445,4/14/1947,17402,Fake Name 374,720000,720000,555523.19,MUN,Security Name
Chelsea's Invest Company,83162C1037,17446,4/15/1947,10518,Fake Name 375,490000,490000,370141.1,MUN,Security Name
Chelsea's Invest Company,83162C1038,17447,4/16/1947,18369,Fake Name 376,2475000,2475000,2059199.93,MUN,Security Name
Chelsea's Invest Company,83162C1039,17448,4/17/1947,16259,Fake Name 377,1740000,1740000,1227204.58,MUN,Security Name
Chelsea's Invest Company,83162C1040,17449,4/18/1947,12780,Fake Name 378,1000000,1000000,757200.01,MUN,Security Name
Chelsea's Invest Company,83162C1041,17450,4/19/1947,10844,Fake Name 379,1455000,1455000,1071258.29,MUN,Security Name
Chelsea's Invest Company,83162C1042,17451,4/20/1947,17177,Fake Name 380,20000000,16349896.74,13122427.45,MB3,Security Name
Chelsea's Invest Company,83162C1043,17452,4/21/1947,15934,Fake Name 381,5000000,4087474.19,3280606.86,MB3,Security Name
Chelsea's Invest Company,83162C1044,17453,4/22/1947,19018,Fake Name 382,220000,220000,176754.6,MUN,Security Name
Chelsea's Invest Company,83162C1045,17454,4/23/1947,15303,Fake Name 383,235000,235000,183043.85,MUN,Security Name
Chelsea's Invest Company,83162C1046,17455,4/24/1947,10049,Fake Name 384,250000,250000,188592.49,MUN,Security Name
Chelsea's Invest Company,83162C1047,17456,4/25/1947,10330,Fake Name 385,265000,265000,193858.1,MUN,Security Name
Chelsea's Invest Company,83162C1048,17457,4/26/1947,12255,Fake Name 386,2850000,2850000,2405343.09,MUN,Security Name
Chelsea's Invest Company,83162C1049,17458,4/27/1947,14726,Fake Name 387,695000,695000,477555.33,MUN,Security Name
Chelsea's Invest Company,83162C1050,17459,4/28/1947,18458,Fake Name 388,1525000,1525000,1225413.8,MUN,Security Name
Chelsea's Invest Company,83162C1051,17460,4/29/1947,19901,Fake Name 389,515000,515000,438949.96,MUN,Security Name
Chelsea's Invest Company,83162C1052,17461,4/30/1947,16238,Fake Name 390,2195000,2195000,1543436.24,MUN,Security Name
Chelsea's Invest Company,83162C1053,17462,5/1/1947,15054,Fake Name 391,2971771.64,2971771.64,2114326.46,MUN,Security Name
Chelsea's Invest Company,83162C1054,17463,5/2/1947,16982,Fake Name 392,10000000,7379581.8,6277441.41,MBS,Security Name
Chelsea's Invest Company,83162C1055,17464,5/3/1947,17947,Fake Name 393,10271651,7534797.02,6427332.7,MB2,Security Name
Chelsea's Invest Company,83162C1056,17465,5/4/1947,13768,Fake Name 394,3000000,3000000,2789369.88,MUN,Security Name
Chelsea's Invest Company,83162C1057,17466,5/5/1947,16412,Fake Name 395,1000000,1000000,923750,MUN,Security Name
Chelsea's Invest Company,83162C1058,17467,5/6/1947,16043,Fake Name 396,1000000,1000000,909069.98,MUN,Security Name
Chelsea's Invest Company,83162C1059,17468,5/7/1947,11093,Fake Name 397,1000000,1000000,896539.99,MUN,Security Name
Chelsea's Invest Company,83162C1060,17469,5/8/1947,10661,Fake Name 398,1000000,1000000,974870,MUN,Security Name
Chelsea's Invest Company,83162C1061,17470,5/9/1947,11830,Fake Name 399,590000,590000,478478.2,MUN,Security Name
Chelsea's Invest Company,83162C1062,17471,5/10/1947,19793,Fake Name 400,615000,615000,476784.91,MUN,Security Name
Chelsea's Invest Company,83162C1063,17472,5/11/1947,17006,Fake Name 401,630000,630000,477180.87,MUN,Security Name
Chelsea's Invest Company,83162C1064,17473,5/12/1947,17495,Fake Name 402,600000,600000,476580,MUN,Security Name
Chelsea's Invest Company,83162C1065,17474,5/13/1947,18839,Fake Name 403,615000,615000,502793.23,MUN,Security Name
Chelsea's Invest Company,83162C1066,17475,5/14/1947,18706,Fake Name 404,3000000,3000000,2522549.97,MUN,Security Name
Chelsea's Invest Company,83162C1067,17476,5/15/1947,12291,Fake Name 405,645000,645000,478196.55,MUN,Security Name
Chelsea's Invest Company,83162C1068,17477,5/16/1947,17870,Fake Name 406,2500000,2500000,1865825.08,MUN,Security Name
Chelsea's Invest Company,83162C1069,17478,5/17/1947,15399,Fake Name 407,2000000,2000000,1422019.96,MUN,Security Name
Chelsea's Invest Company,83162C1070,17479,5/18/1947,16023,Fake Name 408,1000000,1000000,908850.02,MUN,Security Name
Chelsea's Invest Company,83162C1071,17480,5/19/1947,16033,Fake Name 409,1250000,1250000,1127487.46,MUN,Security Name
Chelsea's Invest Company,83162C1072,17481,5/20/1947,14944,Fake Name 410,750000,750000,672142.52,MUN,Security Name
Chelsea's Invest Company,83162C1073,17482,5/21/1947,10474,Fake Name 411,1155000,1155000,1088125.49,MUN,Security Name
Chelsea's Invest Company,83162C1074,17483,5/22/1947,10055,Fake Name 412,1800000,1800000,1646063.96,MUN,Security Name
Chelsea's Invest Company,83162C1075,17484,5/23/1947,14100,Fake Name 413,2000000,2000000,1748000.04,MUN,Security Name
Chelsea's Invest Company,83162C1076,17485,5/24/1947,14882,Fake Name 414,4616884,3386727.59,2888946.43,MBS,Security Name
Chelsea's Invest Company,83162C1077,17486,5/25/1947,14335,Fake Name 415,20000000,13619187.4,11022244.25,MBS,Security Name
Chelsea's Invest Company,83162C1078,17487,5/26/1947,15377,Fake Name 416,1445000,1445000,1119773.79,MUN,Security Name
Chelsea's Invest Company,83162C1079,17488,5/27/1947,18895,Fake Name 417,1465000,1465000,1158126.46,MUN,Security Name
Chelsea's Invest Company,83162C1080,17489,5/28/1947,15073,Fake Name 418,1530000,1530000,1186530.35,MUN,Security Name
Chelsea's Invest Company,83162C1081,17490,5/29/1947,15674,Fake Name 419,765000,765000,714571.18,MUN,Security Name
Chelsea's Invest Company,83162C1082,17491,5/30/1947,18718,Fake Name 420,745000,745000,701104.61,MUN,Security Name
Chelsea's Invest Company,83162C1083,17492,5/31/1947,18094,Fake Name 421,2500000,2500000,1979574.98,MUN,Security Name
Chelsea's Invest Company,83162C1084,17493,6/1/1947,16388,Fake Name 422,1000000,1000000,905810.01,MUN,Security Name
Chelsea's Invest Company,83162C1085,17494,6/2/1947,15997,Fake Name 423,10000000,7757688.5,6344392.65,MB2,Security Name
Chelsea's Invest Company,83162C1086,17495,6/3/1947,12625,Fake Name 424,2500000,2500000,2503050.05,MUN,Security Name
Chelsea's Invest Company,83162C1087,17496,6/4/1947,15968,Fake Name 425,2000000,2000000,1495460.06,MUN,Security Name
Chelsea's Invest Company,83162C1088,17497,6/5/1947,10741,Fake Name 426,2000000,2000000,1437619.94,MUN,Security Name
Chelsea's Invest Company,83162C1089,17498,6/6/1947,14793,Fake Name 427,3000000,3000000,2583180.09,MUN,Security Name
Chelsea's Invest Company,83162C1090,17499,6/7/1947,13384,Fake Name 428,645000,645000,499088.09,MUN,Security Name
Chelsea's Invest Company,83162C1091,17500,6/8/1947,18431,Fake Name 429,630000,630000,495608.39,MUN,Security Name
Chelsea's Invest Company,83162C1092,17501,6/9/1947,10165,Fake Name 430,655000,655000,491741.23,MUN,Security Name
Chelsea's Invest Company,83162C1093,17502,6/10/1947,15511,Fake Name 431,1245000,1245000,895939.31,MUN,Security Name
Chelsea's Invest Company,83162C1094,17503,6/11/1947,13912,Fake Name 432,335000,335000,283634.45,MUN,Security Name
Chelsea's Invest Company,83162C1095,17504,6/12/1947,12607,Fake Name 433,345000,345000,276907.35,MUN,Security Name
Chelsea's Invest Company,83162C1096,17505,6/13/1947,10715,Fake Name 434,360000,360000,280576.81,MUN,Security Name
Chelsea's Invest Company,83162C1097,17506,6/14/1947,15884,Fake Name 435,375000,375000,276240,MUN,Security Name
Chelsea's Invest Company,83162C1098,17507,6/15/1947,11282,Fake Name 436,390000,390000,281112.01,MUN,Security Name
Chelsea's Invest Company,83162C1099,17508,6/16/1947,13426,Fake Name 437,2500000,2500000,2137574.95,MUN,Security Name
Chelsea's Invest Company,83162C1100,17509,6/17/1947,13877,Fake Name 438,1515000,1515000,1307535.9,MUN,Security Name
Chelsea's Invest Company,83162C1101,17510,6/18/1947,19588,Fake Name 439,1415000,1415000,1228545.42,MUN,Security Name
Chelsea's Invest Company,83162C1102,17511,6/19/1947,16710,Fake Name 440,1000000,1000000,793980.03,MUN,Security Name
Chelsea's Invest Company,83162C1103,17512,6/20/1947,15479,Fake Name 441,1000000,1000000,776670,MUN,Security Name
Chelsea's Invest Company,83162C1104,17513,6/21/1947,18946,Fake Name 442,7638000,6420758.73,5161712.09,MB3,Security Name
Chelsea's Invest Company,83162C1105,17514,6/22/1947,,,2250000,2250000,2020454.93,MUN,Security Name
Chelsea's Invest Company,83162C1106,17515,6/23/1947,,,2700000,2700000,2333124.08,MUN,Security Name
Chelsea's Invest Company,83162C1107,17516,6/24/1947,,,2405000,2405000,2015774.85,MUN,Security Name
Chelsea's Invest Company,83162C1108,17517,6/25/1947,,,20000000,14920944.8,12674596.56,MB2,Security Name
Chelsea's Invest Company,83162C1109,17518,6/26/1947,,,3000000,3000000,2083469.91,MUN,Security Name
Chelsea's Invest Company,83162C1110,17519,6/27/1947,,,1230000,1230000,1165941.6,MUN,Security Name
Chelsea's Invest Company,83162C1111,17520,6/28/1947,,,810000,810000,762598.82,MUN,Security Name
Chelsea's Invest Company,83162C1112,17521,6/29/1947,,,540000,540000,503895.62,MUN,Security Name
Chelsea's Invest Company,83162C1113,17522,6/30/1947,,,3000000,3000000,2983919.91,MUN,Security Name
Chelsea's Invest Company,83162C1114,17523,7/1/1947,,,1590000,1590000,1168761.36,MUN,Security Name
Chelsea's Invest Company,83162C1115,17524,7/2/1947,,,1305000,1305000,928155.16,MUN,Security Name
Chelsea's Invest Company,83162C1116,17525,7/3/1947,,,1345000,1345000,936604.23,MUN,Security Name
Chelsea's Invest Company,83162C1117,17526,7/4/1947,,,1530000,1530000,1107046.85,MUN,Security Name
Chelsea's Invest Company,83162C1118,17527,7/5/1947,,,1220000,1220000,869933.2,MUN,Security Name
Chelsea's Invest Company,83162C1119,17528,7/6/1947,,,1600000,1600000,1093647.95,MUN,Security Name
Chelsea's Invest Company,83162C1120,17529,7/7/1947,,,1000000,1000000,930270,MUN,Security Name
Chelsea's Invest Company,83162C1121,17530,7/8/1947,,,1000000,1000000,931039.96,MUN,Security Name
Chelsea's Invest Company,83162C1122,17531,7/9/1947,,,1000000,1000000,908809.97,MUN,Security Name
Chelsea's Invest Company,83162C1123,17532,7/10/1947,,,3000000,3000000,2437800.06,MUN,Security Name
Chelsea's Invest Company,83162C1124,17533,7/11/1947,,,2120000,2120000,1673040.4,MUN,Security Name
Chelsea's Invest Company,83162C1125,17534,7/12/1947,,,3000000,3000000,2281110.09,MUN,Security Name
Chelsea's Invest Company,83162C1126,17535,7/13/1947,,,1400000,1400000,1012872,MUN,Security Name
Chelsea's Invest Company,83162C1127,17536,7/14/1947,,,1020000,1020000,733788.02,MUN,Security Name
Chelsea's Invest Company,83162C1128,17537,7/15/1947,,,890000,890000,668292.07,MUN,Security Name
Chelsea's Invest Company,83162C1129,17538,7/16/1947,,,1135000,1135000,835439.47,MUN,Security Name
Chelsea's Invest Company,83162C1130,17539,7/17/1947,,,2991991.47,2991991.47,2167159.23,MUN,Security Name
Chelsea's Invest Company,83162C1131,17540,7/18/1947,,,1245000,1245000,1090557.76,MUN,Security Name
Chelsea's Invest Company,83162C1132,17541,7/19/1947,,,2500000,2500000,2306475.08,MUN,Security Name
Chelsea's Invest Company,83162C1133,17542,7/20/1947,,,435000,435000,435748.19,MUN,Security Name
Chelsea's Invest Company,83162C1134,17543,7/21/1947,,,570000,570000,567782.7,MUN,Security Name
Chelsea's Invest Company,83162C1135,17544,7/22/1947,,,4000000,3075557.56,2610471.68,MBS,Security Name
Chelsea's Invest Company,83162C1136,17545,7/23/1947,,,4000000,3036166.76,2577037.56,MBS,Security Name
Chelsea's Invest Company,83162C1137,17546,7/24/1947,,,15000000,11533340.85,9789268.82,MBS,Security Name
Chelsea's Invest Company,83162C1138,17547,7/25/1947,,,15000000,11385625.35,9663890.86,MB2,Security Name
Chelsea's Invest Company,83162C1139,17548,7/26/1947,,,1225000,1225000,840938.04,MUN,Security Name
Chelsea's Invest Company,83162C1140,17549,7/27/1947,,,1500000,1500000,1486590.05,MUN,Security Name
Chelsea's Invest Company,83162C1141,17550,7/28/1947,,,3000000,3000000,2513459.94,MUN,Security Name
Chelsea's Invest Company,83162C1142,17551,7/29/1947,,,2705000,2705000,1973703.14,MUN,Security Name
Chelsea's Invest Company,83162C1143,17552,7/30/1947,,,1350000,1350000,901583.96,MUN,Security Name
Chelsea's Invest Company,83162C1144,17553,7/31/1947,,,1265000,1265000,838910.06,MUN,Security Name
Chelsea's Invest Company,83162C1145,17554,8/1/1947,,,3000000,2511917.38,2013653.48,MB3,Security Name
Chelsea's Invest Company,83162C1146,17555,8/2/1947,,,1720000,1720000,1464683.17,MUN,Security Name
Chelsea's Invest Company,83162C1147,17556,8/3/1947,,,3000000,3000000,2463660.06,MUN,Security Name
Chelsea's Invest Company,83162C1148,17557,8/4/1947,,,2525000,2525000,1632513.47,MUN,Security Name
Chelsea's Invest Company,83162C1149,17558,8/5/1947,,,2250000,2250000,1952370.07,MUN,Security Name
Chelsea's Invest Company,83162C1150,17559,8/6/1947,,,3000000,2029171.2,1731451.26,MBS,Security Name
Chelsea's Invest Company,83162C1151,17560,8/7/1947,,,8164800,7594978.44,6387224.97,MB2,Security Name
Chelsea's Invest Company,83162C1152,17561,8/8/1947,,,3265920,3037991.38,2554889.99,MB2,Security Name
Chelsea's Invest Company,83162C1153,17562,8/9/1947,,,233280,216999.38,182492.14,MB2,Security Name
Chelsea's Invest Company,83162C1154,17563,8/10/1947,,,1000000,1000000,919369.96,MUN,Security Name
Chelsea's Invest Company,83162C1155,17564,8/11/1947,,,775000,775000,716991.24,MUN,Security Name
Chelsea's Invest Company,83162C1156,17565,8/12/1947,,,1500000,1500000,1195125.05,MUN,Security Name
Chelsea's Invest Company,83162C1157,17566,8/13/1947,,,1500000,1500000,1194824.99,MUN,Security Name
Chelsea's Invest Company,83162C1158,17567,8/14/1947,,,320000,320000,300444.8,MUN,Security Name
Chelsea's Invest Company,83162C1159,17568,8/15/1947,,,335000,335000,306756.15,MUN,Security Name
Chelsea's Invest Company,83162C1160,17569,8/16/1947,,,275000,275000,260466.24,MUN,Security Name
Chelsea's Invest Company,83162C1161,17570,8/17/1947,,,325000,325000,296074.99,MUN,Security Name
Chelsea's Invest Company,83162C1162,17571,8/18/1947,,,940000,940000,829766.23,MUN,Security Name
Chelsea's Invest Company,83162C1163,17572,8/19/1947,,,1940000,1940000,1705007.82,MUN,Security Name
Chelsea's Invest Company,83162C1164,17573,8/20/1947,,,1500000,1500000,1105034.99,MUN,Security Name
Chelsea's Invest Company,83162C1165,17574,8/21/1947,,,1500000,1500000,1082670.02,MUN,Security Name
Chelsea's Invest Company,83162C1166,17575,8/22/1947,12888,Justin's Computers Inc.,2000000,2000000,1570599.98,MUN,Security Name
Chelsea's Invest Company,83162C1167,17576,8/23/1947,13922,Fake Name 1,1500000,1500000,1132245.03,MUN,Security Name
Chelsea's Invest Company,83162C1168,17577,8/24/1947,16681,Fake Name 2,1500000,1500000,1131630.02,MUN,Security Name
Chelsea's Invest Company,83162C1169,17578,8/25/1947,10810,Cats R Us,1565000,1565000,1450113.3,MUN,Security Name
Chelsea's Invest Company,83162C1170,17579,8/26/1947,12993,Fake Name 3,1375000,1375000,1222663.72,MUN,Security Name
Chelsea's Invest Company,83162C1171,17580,8/27/1947,15693,Fake Name 4,3000000,2524612.04,2052055.1,MB3,Security Name
Chelsea's Invest Company,83162C1172,17581,8/28/1947,10637,Fake Name 5,3000000,2524612.04,2052055.1,MB3,Security Name
Chelsea's Invest Company,83162C1173,17582,8/29/1947,15551,Fake Name 7,8500000,5334503.53,4565001.23,MBS,Security Name
Chelsea's Invest Company,83162C1174,17583,8/30/1947,10640,New Company,1500000,941382.98,805588.45,MBS,Security Name
Chelsea's Invest Company,83162C1175,17584,8/31/1947,18733,Fake Name 6,625000,625000,585087.49,MUN,Security Name
Chelsea's Invest Company,83162C1176,17585,9/1/1947,16640,Thomas' Toys,1500000,1262306.02,1026027.55,MB3,Security Name
Chelsea's Invest Company,83162C1177,17586,9/2/1947,18226,Fake Name 8,2410000,2410000,1782725.2,MUN,Security Name
Chelsea's Invest Company,83162C1178,17587,9/3/1947,12550,Fake Name 9,1875000,1875000,1643249.98,MUN,Security Name
Chelsea's Invest Company,83162C1179,17588,9/4/1947,12683,Fake Name 10,1200000,1200000,960707.98,MUN,Security Name
Chelsea's Invest Company,83162C1180,17589,9/5/1947,10006,Fake Name 11,4000000,3319294.69,2729489.32,MB3,Security Name
Chelsea's Invest Company,83162C1181,17590,9/6/1947,17018,Fake Name 12,2141250,2141250,1554868.64,MUN,Security Name
Chelsea's Invest Company,83162C1182,17591,9/7/1947,16552,Fake Name 13,713750,713750,518289.55,MUN,Security Name
Chelsea's Invest Company,83162C1183,17592,9/8/1947,15197,Fake Name 14,17000000,14107002.44,11600329.6,MB3,Security Name
Chelsea's Invest Company,83162C1184,17593,9/9/1947,13844,Fake Name 15,3000000,3000000,2335199.88,MUN,Security Name
Chelsea's Invest Company,83162C1185,17594,9/10/1947,18722,Fake Name 16,555000,555000,502275,MUN,Security Name
Chelsea's Invest Company,83162C1186,17595,9/11/1947,12443,Fake Name 17,265000,265000,245824.6,MUN,Security Name
Chelsea's Invest Company,83162C1187,17596,9/12/1947,15261,Fake Name 18,260000,260000,242382.4,MUN,Security Name
Chelsea's Invest Company,83162C1188,17597,9/13/1947,19693,Fake Name 19,20000000,15759383.8,13357654.02,MB2,Security Name
Chelsea's Invest Company,83162C1189,17598,9/14/1947,11504,Fake Name 20,20000000,15702052,13308116.84,MBS,Security Name
Chelsea's Invest Company,83162C1190,17599,9/15/1947,14800,Fake Name 21,2860000,2860000,2053194.03,MUN,Security Name
Chelsea's Invest Company,83162C1191,17600,9/16/1947,13464,Fake Name 22,1015000,1015000,729805.3,MUN,Security Name
Chelsea's Invest Company,83162C1192,17601,9/17/1947,12148,Fake Name 23,1150000,1150000,825217.03,MUN,Security Name
Chelsea's Invest Company,83162C1193,17602,9/18/1947,13915,Fake Name 24,1150000,1150000,806851.53,MUN,Security Name
Chelsea's Invest Company,83162C1194,17603,9/19/1947,18979,Fake Name 25,20000000,15437610.6,13088932.99,MB2,Security Name
Chelsea's Invest Company,83162C1195,17604,9/20/1947,13077,Fake Name 26,2000000,2000000,1811040.04,MUN,Security Name
Chelsea's Invest Company,83162C1196,17605,9/21/1947,16123,Fake Name 27,1500000,1500000,1500390.02,MUN,Security Name
Chelsea's Invest Company,83162C1197,17606,9/22/1947,18990,Fake Name 28,825000,825000,627660.02,MUN,Security Name
Chelsea's Invest Company,83162C1198,17607,9/23/1947,12585,Fake Name 29,845000,845000,631992.4,MUN,Security Name
Chelsea's Invest Company,83162C1199,17608,9/24/1947,19416,Fake Name 30,765000,765000,564707.71,MUN,Security Name
Chelsea's Invest Company,83162C1200,17609,9/25/1947,12459,Fake Name 31,1055000,1055000,880967.18,MUN,Security Name
Chelsea's Invest Company,83162C1201,17610,9/26/1947,19646,Fake Name 32,1000000,1000000,830640.03,MUN,Security Name
Chelsea's Invest Company,83162C1202,17611,9/27/1947,14017,Fake Name 33,680000,680000,585881.18,MUN,Security Name
Chelsea's Invest Company,83162C1203,17612,9/28/1947,13825,Fake Name 34,1360000,1360000,1134457.6,MUN,Security Name
Chelsea's Invest Company,83162C1204,17613,9/29/1947,15677,Fake Name 35,16000000,12769163.52,10822248.9,MBS,Security Name
Chelsea's Invest Company,83162C1205,17614,9/30/1947,11365,Fake Name 36,4000000,3192290.88,2705562.23,MBS,Security Name
Chelsea's Invest Company,83162C1206,17615,10/1/1947,18474,Fake Name 37,3000000,2203923.63,1923981.18,MBS,Security Name
Chelsea's Invest Company,83162C1207,17616,10/2/1947,10214,Fake Name 38,1335000,1335000,1043449.39,MUN,Security Name
Chelsea's Invest Company,83162C1208,17617,10/3/1947,13346,Fake Name 39,2325000,2325000,2116959.05,MUN,Security Name
Chelsea's Invest Company,83162C1209,17618,10/4/1947,14550,Fake Name 40,2900000,2314410.89,1961532.61,MBS,Security Name
Chelsea's Invest Company,83162C1210,17619,10/5/1947,12111,Fake Name 41,10000000,8945867.88,7421938.93,MB3,Security Name
Chelsea's Invest Company,83162C1211,17620,10/6/1947,10428,Fake Name 42,3000000,3000000,2267790.06,MUN,Security Name
Chelsea's Invest Company,83162C1212,17621,10/7/1947,12814,Fake Name 43,1125000,1125000,1004692.5,MUN,Security Name
Chelsea's Invest Company,83162C1213,17622,10/8/1947,20000,Fake Name 44,1000000,1000000,899150.01,MUN,Security Name
Chelsea's Invest Company,83162C1214,17623,10/9/1947,12227,Fake Name 45,17000000,11835480.92,9736931.44,MBS,Security Name
Chelsea's Invest Company,83162C1215,17624,10/10/1947,17589,Fake Name 46,600000,600000,525582,MUN,Security Name
Chelsea's Invest Company,83162C1216,17625,10/11/1947,15215,Fake Name 47,905000,905000,840627.36,MUN,Security Name
Chelsea's Invest Company,83162C1217,17626,10/12/1947,13757,Fake Name 48,600000,600000,563105.99,MUN,Security Name
Chelsea's Invest Company,83162C1218,17627,10/13/1947,12978,Fake Name 49,2130000,2130000,1661272.26,MUN,Security Name
Chelsea's Invest Company,83162C1219,17628,10/14/1947,10642,Fake Name 50,485000,485000,347817.73,MUN,Security Name
Chelsea's Invest Company,83162C1220,17629,10/15/1947,15353,Fake Name 51,1630000,1630000,1443984.35,MUN,Security Name
Chelsea's Invest Company,83162C1221,17630,10/16/1947,15815,Fake Name 52,2300000,2300000,1626192.05,MUN,Security Name
Chelsea's Invest Company,83162C1222,17631,10/17/1947,16640,Thomas' Toys,580000,580000,399092.19,MUN,Security Name
Chelsea's Invest Company,83162C1223,17632,10/18/1947,,,2250000,2250000,1714950.02,MUN,Security Name
Chelsea's Invest Company,83162C1224,17633,10/19/1947,,,1390000,1390000,1237419.74,MUN,Security Name
Chelsea's Invest Company,83162C1225,17634,10/20/1947,,,1500000,1500000,1253505.02,MUN,Security Name
Chelsea's Invest Company,83162C1226,17635,10/21/1947,,,13000000,10102474.2,8831582.74,MBS,Security Name
Chelsea's Invest Company,83162C1227,17636,10/22/1947,,,4000000,3108453.6,2717410.08,MBS,Security Name
Chelsea's Invest Company,83162C1228,17637,10/23/1947,,,2000000,1554226.8,1358705.04,MBS,Security Name
Chelsea's Invest Company,83162C1229,17638,10/24/1947,,,1000000,777113.4,679352.52,MBS,Security Name
Chelsea's Invest Company,83162C1230,17639,10/25/1947,,,5000000,4472933.94,3710969.46,MB3,Security Name
Chelsea's Invest Company,83162C1231,17640,10/26/1947,,,5345000,4781566.38,3967026.36,MB3,Security Name
Chelsea's Invest Company,83162C1232,17641,10/27/1947,,,15000000,13310019.72,11050112,MB3,Security Name
Chelsea's Invest Company,83162C1233,17642,10/28/1947,,,5000000,3984169.2,3376942.09,MB2,Security Name
Chelsea's Invest Company,83162C1234,17643,10/29/1947,,,4971396,3961376.56,3357623.28,MBS,Security Name
Chelsea's Invest Company,83162C1235,17644,10/30/1947,,,2245000,2245000,1858613.07,MUN,Security Name
Chelsea's Invest Company,83162C1236,17645,10/31/1947,,,525000,525000,410030.24,MUN,Security Name
Chelsea's Invest Company,83162C1237,17646,11/1/1947,,,175000,175000,136676.75,MUN,Security Name
Chelsea's Invest Company,83162C1238,17647,11/2/1947,,,775000,775000,600229.73,MUN,Security Name
Chelsea's Invest Company,83162C1239,17648,11/3/1947,,,1000000,1000000,826660,MUN,Security Name
Chelsea's Invest Company,83162C1240,17649,11/4/1947,,,1000000,1000000,822829.97,MUN,Security Name
Chelsea's Invest Company,83162C1241,17650,11/5/1947,,,500000,500000,406885,MUN,Security Name
Chelsea's Invest Company,83162C1242,17651,11/6/1947,,,500000,500000,406885,MUN,Security Name
Chelsea's Invest Company,83162C1243,17652,11/7/1947,,,3000000,3000000,2547000.06,MUN,Security Name
Chelsea's Invest Company,83162C1244,17653,11/8/1947,,,3000000,3000000,2560979.91,MUN,Security Name
Chelsea's Invest Company,83162C1245,17654,11/9/1947,,,2416000,1846533.14,1610052.45,MBS,Security Name
Chelsea's Invest Company,83162C1246,17655,11/10/1947,,,3200000,2445739.26,2132519.8,MBS,Security Name
Chelsea's Invest Company,83162C1247,17656,11/11/1947,,,1800000,1375728.34,1199542.38,MBS,Security Name
Chelsea's Invest Company,83162C1248,17657,11/12/1947,,,1440000,1440000,1245470.36,MUN,Security Name
Chelsea's Invest Company,83162C1249,17658,11/13/1947,,,1470000,1470000,1245031.19,MUN,Security Name
Chelsea's Invest Company,83162C1250,17659,11/14/1947,,,15000000,11796121.2,10397310.84,MBS,Security Name
Chelsea's Invest Company,83162C1251,17660,11/15/1947,,,1540000,1540000,1570430.37,MUN,Security Name
Chelsea's Invest Company,83162C1252,17661,11/16/1947,,,1000000,1000000,1011670,MUN,Security Name
Chelsea's Invest Company,83162C1253,17662,11/17/1947,,,55000,55000,56086.8,MUN,Security Name
Chelsea's Invest Company,83162C1254,17663,11/18/1947,,,3000000,2006561.43,1841888.13,MBS,Security Name
Chelsea's Invest Company,83162C1255,17664,11/19/1947,,,1785000,1785000,1518106.75,MUN,Security Name
Chelsea's Invest Company,83162C1256,17665,11/20/1947,,,2260000,2260000,2009885.78,MUN,Security Name
Chelsea's Invest Company,83162C1257,17666,11/21/1947,,,2925000,2925000,2438426.19,MUN,Security Name
Chelsea's Invest Company,83162C1258,17667,11/22/1947,,,2000000,1759921.19,1521926.99,MB3,Security Name
Chelsea's Invest Company,83162C1259,17668,11/23/1947,,,15760800,13868882.93,11993393.48,MB3,Security Name
Chelsea's Invest Company,83162C1260,17669,11/24/1947,,,1751200,1540986.99,1332599.28,MB3,Security Name
Chelsea's Invest Company,83162C1261,17670,11/25/1947,,,1000000,988183.13,946382.95,MBS,Security Name
Chelsea's Invest Company,83162C1262,17671,11/26/1947,,,3000000,2162249.01,1970574.26,MBS,Security Name
Chelsea's Invest Company,83162C1263,17672,11/27/1947,,,1000000,1000000,900110.02,MUN,Security Name
Chelsea's Invest Company,83162C1264,17673,11/28/1947,,,5000000,1437444.75,1385760.25,MB3,Security Name
Chelsea's Invest Company,83162C1265,17674,11/29/1947,,,500000,542600.41,519522.06,MB3,Security Name
Chelsea's Invest Company,83162C1266,17675,11/30/1947,,,500000,542600.41,519522.06,MB3,Security Name
Chelsea's Invest Company,83162C1267,17676,12/1/1947,,,850000,92158.63,87625.35,MBS,Security Name
Chelsea's Invest Company,83162C1268,17677,12/2/1947,,,2125000,109278.68,107446.07,MBS,Security Name
Chelsea's Invest Company,83162C1269,17678,12/3/1947,,,2200000,225664.52,218655.37,MBS,Security Name
Chelsea's Invest Company,83162C1270,17679,12/4/1947,,,4000000,2850384.08,2344583.34,MBS,Security Name
Chelsea's Invest Company,83162C1271,17680,12/5/1947,,,3000000,165012.09,156178.78,MBS,Security Name
Chelsea's Invest Company,83162C1272,17681,12/6/1947,,,5500000,958437.59,880168.5,MBS,Security Name
Chelsea's Invest Company,83162C1273,17682,12/7/1947,,,990323,195168.87,184766.36,MB2,Security Name
Chelsea's Invest Company,83162C1274,17683,12/8/1947,,,990322,195168.67,184766.17,MB2,Security Name
Chelsea's Invest Company,83162C1275,17684,12/9/1947,,,7000000,5172590.22,4407098.39,MB2,Security Name
Chelsea's Invest Company,83162C1276,17685,12/10/1947,,,4700000,20562.27,20425.11,MB2,Security Name
Chelsea's Invest Company,83162C1277,17686,12/11/1947,,,1290000,43537.71,42486.27,MB2,Security Name
Chelsea's Invest Company,83162C1278,17687,12/12/1947,,,2775000,48810.5,48935.95,MB2,Security Name
Chelsea's Invest Company,83162C1279,17688,12/13/1947,,,4000000,281711.72,273037.81,MB2,Security Name
Chelsea's Invest Company,83162C1280,17689,12/14/1947,,,2000000,1444068.66,1187717.61,MB2,Security Name
Chelsea's Invest Company,83162C1281,17690,12/15/1947,,,1250000,2028.99,1977.86,MBS,Security Name
Chelsea's Invest Company,83162C1282,17691,12/16/1947,,,5600000,4407037.54,3438822.46,MBS,Security Name
Chelsea's Invest Company,83162C1283,17692,12/17/1947,,,2000000,2000000,1738079.98,MUN,Security Name
Chelsea's Invest Company,83162C1284,17693,12/18/1947,,,80000,80000,77100.8,MUN,Security Name
Chelsea's Invest Company,83162C1285,17694,12/19/1947,,,1250000,202270.1,186919.82,MB3,Security Name
Chelsea's Invest Company,83162C1286,17695,12/20/1947,,,1000000,228103.99,209447.36,MB3,Security Name
Chelsea's Invest Company,83162C1287,17696,12/21/1947,,,1000000,73730.73,73150.47,AGY,Security Name
Chelsea's Invest Company,83162C1288,17697,12/22/1947,,,5000000,368653.66,365752.34,AGY,Security Name
Chelsea's Invest Company,83162C1289,17698,12/23/1947,,,1000000,86190.69,83853.2,AGY,Security Name
Chelsea's Invest Company,83162C1290,17699,12/24/1947,,,3000000,258572.07,251559.6,AGY,Security Name
Chelsea's Invest Company,83162C1291,17700,12/25/1947,,,1000000,885369.27,840038.34,MB3,Security Name
Chelsea's Invest Company,83162C1292,17701,12/26/1947,,,2000000,1844590.17,1741994.14,MB3,Security Name
Chelsea's Invest Company,83162C1293,17702,12/27/1947,,,2000000,1877507.21,1745893.92,MB3,Security Name
Chelsea's Invest Company,83162C1294,17703,12/28/1947,,,1021410,1006295.76,1027599.01,MBS,Security Name
Chelsea's Invest Company,83162C1295,17704,12/29/1947,,,680940,670863.84,685066.01,MBS,Security Name
Chelsea's Invest Company,83162C1296,17705,12/30/1947,,,270000,270000,274460.4,MUN,Security Name
Chelsea's Invest Company,83162C1297,17706,12/31/1947,,,280000,280000,286641.61,MUN,Security Name
Chelsea's Invest Company,83162C1298,17707,1/1/1948,,,285000,285000,293356.2,MUN,Security Name
Chelsea's Invest Company,83162C1299,17708,1/2/1948,,,25000000,25000000,24990749.25,TRS,Security Name
Chelsea's Invest Company,83162C1300,17709,1/3/1948,,,4942121,4942121,4535366.55,MBS,Security Name
Chelsea's Invest Company,83162C1301,17710,1/4/1948,,,988424,988424,907073.13,MBS,Security Name
Chelsea's Invest Company,83162C1302,17711,1/5/1948,,,658950,658950,604716.03,MBS,Security Name
Chelsea's Invest Company,83162C1303,17712,1/6/1948,,,45854812,26102335.41,22934816.48,MB2,Security Name
Chelsea's Invest Company,83162C1304,17713,1/7/1948,,,28000000,26494349.56,23941883.13,MB2,Security Name
Chelsea's Invest Company,83162C1305,17714,1/8/1948,,,25620271,23628638.5,21322010.57,MB2,Security Name
Chelsea's Invest Company,83162C1306,17715,1/9/1948,29999,To Remove 1,62853000,24383929.46,22426836.02,MBS,Security Name
Chelsea's Invest Company,83162C1307,17716,1/10/1948,,,8500000,7258019.1,6558781.32,MB2,Security Name
Chelsea's Invest Company,83162C1308,17717,1/11/1948,,,25000000,23524221.25,21576886.21,MBS,Security Name
Chelsea's Invest Company,83162C1309,17718,1/12/1948,,,5330000,5330000,5318273.95,MB3,Security Name
Chelsea's Invest Company,83162C1310,17719,1/13/1948,,,6560000,6560000,6554751.87,MB3,Security Name
Chelsea's Invest Company,83162C1311,17720,1/14/1948,,,3280000,3280000,3277375.93,MB3,Security Name
Chelsea's Invest Company,83162C1312,17721,1/15/1948,19998,To Remove 2,2870000,2870000,2867703.94,MB3,Security Name
Chelsea's Invest Company,83162C1313,17722,1/16/1948,,,2460000,2460000,2458031.95,MB3,Security Name
Chelsea's Invest Company,83162C1314,17723,1/17/1948,,,2050000,2050000,2048359.96,MB3,Security Name
Chelsea's Invest Company,83162C1315,17724,1/18/1948,10330,Fake Name 385,1640000,1640000,1638687.97,MB3,Security Name
Chelsea's Invest Company,83162C1316,17725,1/19/1948,12255,Fake Name 386,820000,820000,819343.98,MB3,Security Name
Chelsea's Invest Company,83162C1317,17726,1/20/1948,14726,Fake Name 387,615000,615000,614507.99,MB3,Security Name
Chelsea's Invest Company,83162C1318,17727,1/21/1948,18458,Fake Name 388,205000,205000,204836,MB3,Security Name
Chelsea's Invest Company,83162C1319,17728,1/22/1948,19901,Fake Name 389,4500000,4500000,4496399.91,MB3,Security Name
Chelsea's Invest Company,83162C1320,17729,1/23/1948,16238,Fake Name 390,24519261,23107629.03,21120142.32,MB2,Security Name
Chelsea's Invest Company,83162C1321,17730,1/24/1948,15054,Fake Name 391,25000000,22783433,22230110.22,MBS,Security Name
Chelsea's Invest Company,83162C1322,17731,1/25/1948,16982,Fake Name 392,6000000,5645388.38,5546368.38,MB3,Security Name
Chelsea's Invest Company,83162C1323,17732,1/26/1948,17947,Fake Name 393,5000000,5000000,4931549.85,MB3,Security Name
Chelsea's Invest Company,83162C1324,17733,1/27/1948,13768,Fake Name 394,2000000,2000000,1972619.94,MB3,Security Name
Chelsea's Invest Company,83162C1325,17734,1/28/1948,16412,Fake Name 395,7873000,7293570.01,7123265.22,MB3,Security Name
Chelsea's Invest Company,83162C1326,17735,1/29/1948,16043,Fake Name 396,10000000,7680216.6,6761226.23,MBS,Security Name
Chelsea's Invest Company,83162C1327,17736,1/30/1948,11093,Fake Name 397,6000000,4608129.96,4056735.74,MBS,Security Name
Chelsea's Invest Company,83162C1328,17737,1/31/1948,10661,Fake Name 398,4000000,3072086.64,2704490.49,MBS,Security Name
Chelsea's Invest Company,83162C1329,17738,2/1/1948,11830,Fake Name 399,21550000,21550000,21100682.72,MB3,Security Name
Chelsea's Invest Company,83162C1330,17739,2/2/1948,19793,Fake Name 400,15000000,9607160.25,8954280.6,MBS,Security Name
Chelsea's Invest Company,83162C1331,17740,2/3/1948,17006,Fake Name 401,250000,250000,282740,MUN,Security Name
Chelsea's Invest Company,83162C1332,17741,2/4/1948,17495,Fake Name 402,310000,310000,348688.01,MUN,Security Name
Chelsea's Invest Company,83162C1333,17742,2/5/1948,18839,Fake Name 403,1105000,1105000,1228406.39,MUN,Security Name
Chelsea's Invest Company,83162C1334,17743,2/6/1948,18706,Fake Name 404,5000000,4928621.5,4183611.22,MB2,Security Name
Chelsea's Invest Company,83162C1335,17744,2/7/1948,12291,Fake Name 405,8000000,7885794.4,6693777.96,MBS,Security Name
Chelsea's Invest Company,83162C1336,17745,2/8/1948,17870,Fake Name 406,1900000,1900000,1910088.96,MUN,Security Name
Chelsea's Invest Company,83162C1337,17746,2/9/1948,15399,Fake Name 407,6000000,6000000,5957520,TRS,Security Name
Chelsea's Invest Company,83162C1338,17747,2/10/1948,16023,Fake Name 408,10000000,10000000,9938099.7,TRS,Security Name
Chelsea's Invest Company,83162C1339,17748,2/11/1948,16033,Fake Name 409,4000000,4000000,3975239.88,TRS,Security Name
Chelsea's Invest Company,83162C1340,17749,2/12/1948,14944,Fake Name 410,1700000,1700000,1546470.04,MBS,Security Name
Chelsea's Invest Company,83162C1341,17750,2/13/1948,10474,Fake Name 411,8710000,8710000,8666101.77,MB3,Security Name
Chelsea's Invest Company,83162C1342,17751,2/14/1948,10055,Fake Name 412,23000000,23000000,22800820.69,TRS,Security Name
Chelsea's Invest Company,83162C1343,17752,2/15/1948,14100,Fake Name 413,1390000,1390000,1403955.57,MUN,Security Name
Chelsea's Invest Company,83162C1344,17753,2/16/1948,14882,Fake Name 414,5000000,4709289.7,4526522.31,MBS,Security Name
Chelsea's Invest Company,83162C1345,17754,2/17/1948,14335,Fake Name 415,1000000,1000000,997549.97,MB3,Security Name
Chelsea's Invest Company,83162C1346,17755,2/18/1948,15377,Fake Name 416,12000000,12000000,11970599.64,MB3,Security Name
Chelsea's Invest Company,83162C1347,17756,2/19/1948,18895,Fake Name 417,5695000,5695000,5782646.11,MB3,Security Name
Chelsea's Invest Company,83162C1348,17757,2/20/1948,15073,Fake Name 418,10000000,10000000,9946600.3,TRS,Security Name
Chelsea's Invest Company,83162C1349,17758,2/21/1948,15674,Fake Name 419,19000000,19000000,18770859.81,TRS,Security Name
Chelsea's Invest Company,83162C1350,17759,2/22/1948,18718,Fake Name 420,3500000,3500000,3457789.97,TRS,Security Name
Chelsea's Invest Company,83162C1351,17760,2/23/1948,18094,Fake Name 421,1090103,1090103,1080542.81,MBS,Security Name
